Time, Year, IndividualID, AgeYears, Gender, From_NodeID, To_NodeID, MigrationType, Event,IsInfected, Rel_ID, NumCoitalActs, IsDiscordant, HasMigrated, RelationshipType, RelationshipState, PartnerID, Male_NodeID, Female_NodeID
1278,1964,200,30.047,F,3,2,local,STIPreEmigrating,0,57,129,0,0,MARITAL,PAUSED,307,0,3
1278,1964,200,30.047,F,2,0,N/A,STIPostImmigrating,0,57,129,0,0,MARITAL,NORMAL,307,2,2
1282,1964.01,337,51.6006,M,4,2,local,STIPreEmigrating,0,54,147,0,0,MARITAL,PAUSED,194,4,0
1282,1964.01,60,34.028,F,3,2,local,STIPreEmigrating,0,48,128,0,0,MARITAL,PAUSED,68,0,3
1282,1964.01,103,48.5789,M,2,4,local,STIPreEmigrating,0,13,81,0,0,MARITAL,PAUSED,291,2,0
1282,1964.01,311,30.1261,M,1,2,local,STIPreEmigrating,0,166,27,0,0,INFORMAL,PAUSED,306,1,0
1282,1964.01,311,30.1261,M,2,0,N/A,STIPostImmigrating,0,166,27,0,0,INFORMAL,PAUSED,306,2,0
1282,1964.01,103,48.5789,M,4,0,N/A,STIPostImmigrating,0,13,81,0,0,MARITAL,PAUSED,291,4,0
1282,1964.01,60,34.028,F,2,0,N/A,STIPostImmigrating,0,48,128,0,0,MARITAL,PAUSED,68,0,2
1282,1964.01,337,51.6006,M,2,0,N/A,STIPostImmigrating,0,54,147,0,0,MARITAL,NORMAL,194,2,2
1284,1964.02,236,39.1835,M,3,2,local,STIPreEmigrating,0,40,102,0,0,MARITAL,PAUSED,244,3,0
1284,1964.02,200,30.0635,F,2,3,local,STIPreEmigrating,0,57,132,0,0,MARITAL,NORMAL,307,2,2
1284,1964.02,200,30.0635,F,3,0,N/A,STIPostImmigrating,0,57,132,0,0,MARITAL,PAUSED,307,0,3
1284,1964.02,236,39.1835,M,2,0,N/A,STIPostImmigrating,0,40,102,0,0,MARITAL,PAUSED,244,2,0
1286,1964.02,75,45.8942,M,4,2,local,STIPreEmigrating,0,58,155,0,0,MARITAL,NORMAL,185,4,4
1286,1964.02,75,45.8942,M,2,0,N/A,STIPostImmigrating,0,58,155,0,0,MARITAL,PAUSED,185,2,0
1289,1964.03,253,45.5144,F,4,2,local,STIPreEmigrating,0,159,21,0,0,MARITAL,NORMAL,286,4,4
1289,1964.03,253,45.5144,F,2,0,N/A,STIPostImmigrating,0,159,21,0,0,MARITAL,PAUSED,286,0,2
1291,1964.04,336,55.8627,F,3,2,local,STIPreEmigrating,0,70,31,0,0,MARITAL,PAUSED,149,0,3
1291,1964.04,121,52.5154,F,2,4,local,STIPreEmigrating,0,76,154,0,0,MARITAL,PAUSED,16,0,2
1291,1964.04,219,33.5324,M,2,4,local,STIPreEmigrating,0,185,6,0,0,INFORMAL,NORMAL,31,2,2
1291,1964.04,219,33.5324,M,4,0,N/A,STIPostImmigrating,0,185,6,0,0,INFORMAL,PAUSED,31,4,0
1291,1964.04,121,52.5154,F,4,0,N/A,STIPostImmigrating,0,76,154,0,0,MARITAL,NORMAL,16,4,4
1291,1964.04,336,55.8627,F,2,0,N/A,STIPostImmigrating,0,70,31,0,0,MARITAL,PAUSED,149,0,2
1293,1964.04,213,50.8057,F,4,1,local,STIPreEmigrating,0,175,7,0,0,MARITAL,PAUSED,328,0,4
1293,1964.04,290,52.3851,F,4,1,local,STIPreEmigrating,0,69,125,0,0,MARITAL,NORMAL,327,4,4
1293,1964.04,296,33.9499,F,3,2,local,STIPreEmigrating,0,151,54,0,0,INFORMAL,PAUSED,165,0,3
1293,1964.04,296,33.9499,F,2,0,N/A,STIPostImmigrating,0,151,54,0,0,INFORMAL,PAUSED,165,0,2
1293,1964.04,290,52.3851,F,1,0,N/A,STIPostImmigrating,0,69,125,0,0,MARITAL,PAUSED,327,0,1
1293,1964.04,213,50.8057,F,1,0,N/A,STIPostImmigrating,0,175,7,0,0,MARITAL,PAUSED,328,0,1
1295,1964.05,185,37.0725,F,4,3,local,STIPreEmigrating,0,58,155,0,0,MARITAL,PAUSED,75,0,4
1295,1964.05,189,33.0395,F,1,4,local,STIPreEmigrating,0,125,31,0,0,MARITAL,PAUSED,99,0,1
1295,1964.05,189,33.0395,F,4,0,N/A,STIPostImmigrating,0,125,31,0,0,MARITAL,PAUSED,99,0,4
1295,1964.05,185,37.0725,F,3,0,N/A,STIPostImmigrating,0,58,155,0,0,MARITAL,PAUSED,75,0,3
1296,1964.05,118,34.8058,F,3,1,local,STIPreEmigrating,0,158,23,0,0,MARITAL,PAUSED,202,0,3
1296,1964.05,281,45.8069,M,1,4,local,STIPreEmigrating,0,32,135,0,0,MARITAL,PAUSED,177,1,0
1296,1964.05,281,45.8069,M,4,0,N/A,STIPostImmigrating,0,32,135,0,0,MARITAL,NORMAL,177,4,4
1296,1964.05,118,34.8058,F,1,0,N/A,STIPostImmigrating,0,158,23,0,0,MARITAL,NORMAL,202,1,1
1298,1964.06,53,34.6977,F,4,2,local,STIPreEmigrating,0,50,63,0,0,MARITAL,PAUSED,193,0,4
1298,1964.06,292,35.1392,F,4,3,local,STIPreEmigrating,0,142,6,0,0,TRANSITORY,NORMAL,70,4,4
1298,1964.06,189,33.0477,F,4,1,local,STIPreEmigrating,0,125,31,0,0,MARITAL,PAUSED,99,0,4
1298,1964.06,155,32.853,F,3,2,local,STIPreEmigrating,0,51,168,0,0,INFORMAL,PAUSED,255,0,3
1298,1964.06,99,36.9873,M,2,4,local,STIPreEmigrating,0,125,31,0,0,MARITAL,PAUSED,189,2,0
1298,1964.06,290,52.3988,F,1,3,local,STIPreEmigrating,0,69,125,0,0,MARITAL,PAUSED,327,0,1
1298,1964.06,290,52.3988,F,3,0,N/A,STIPostImmigrating,0,69,125,0,0,MARITAL,PAUSED,327,0,3
1298,1964.06,99,36.9873,M,4,0,N/A,STIPostImmigrating,0,125,31,0,0,MARITAL,PAUSED,189,4,0
1298,1964.06,155,32.853,F,2,0,N/A,STIPostImmigrating,0,51,168,0,0,INFORMAL,NORMAL,255,2,2
1298,1964.06,189,33.0477,F,1,0,N/A,STIPostImmigrating,0,125,31,0,0,MARITAL,PAUSED,99,0,1
1298,1964.06,292,35.1392,F,3,0,N/A,STIPostImmigrating,0,142,6,0,0,TRANSITORY,PAUSED,70,0,3
1298,1964.06,53,34.6977,F,2,0,N/A,STIPostImmigrating,0,50,63,0,0,MARITAL,PAUSED,193,0,2
1299,1964.06,132,30.2799,F,2,3,local,STIPreEmigrating,0,170,13,0,0,INFORMAL,NORMAL,169,2,2
1299,1964.06,132,30.2799,F,3,0,N/A,STIPostImmigrating,0,170,13,0,0,INFORMAL,PAUSED,169,0,3
1301,1964.06,198,39.6894,M,1,3,local,STIPreEmigrating,0,164,11,0,0,INFORMAL,PAUSED,128,1,0
1301,1964.06,198,39.6894,M,3,0,N/A,STIPostImmigrating,0,164,11,0,0,INFORMAL,PAUSED,128,3,0
1303,1964.07,45,32.6883,F,3,4,local,STIPreEmigrating,0,64,79,0,0,MARITAL,PAUSED,55,0,3
1303,1964.07,198,39.6949,M,3,1,local,STIPreEmigrating,0,164,11,0,0,INFORMAL,PAUSED,128,3,0
1303,1964.07,45,32.6883,F,4,0,N/A,STIPostImmigrating,0,64,79,0,0,MARITAL,PAUSED,55,0,4
1303,1964.07,198,39.6949,M,1,0,N/A,STIPostImmigrating,0,164,11,0,0,INFORMAL,PAUSED,128,1,0
1305,1964.08,132,30.2963,F,3,2,local,STIPreEmigrating,0,170,13,0,0,INFORMAL,PAUSED,169,0,3
1305,1964.08,132,30.2963,F,2,0,N/A,STIPostImmigrating,0,170,13,0,0,INFORMAL,NORMAL,169,2,2
1306,1964.08,270,32.9697,M,3,1,local,STIPreEmigrating,0,111,87,0,0,TRANSITORY,PAUSED,168,3,0
1306,1964.08,270,32.9697,M,1,0,N/A,STIPostImmigrating,0,111,87,0,0,TRANSITORY,PAUSED,168,1,0
1307,1964.08,186,46.5225,M,4,1,local,STIPreEmigrating,0,118,45,0,0,MARITAL,NORMAL,269,4,4
1307,1964.08,249,38.6205,M,4,1,local,STIPreEmigrating,0,165,46,0,0,INFORMAL,PAUSED,321,4,0
1307,1964.08,302,40.7606,F,2,1,local,STIPreEmigrating,0,71,121,0,0,MARITAL,PAUSED,8,0,2
1307,1964.08,202,40.7326,M,1,3,local,STIPreEmigrating,0,158,29,0,0,MARITAL,NORMAL,118,1,1
1307,1964.08,202,40.7326,M,3,0,N/A,STIPostImmigrating,0,158,29,0,0,MARITAL,PAUSED,118,3,0
1307,1964.08,302,40.7606,F,1,0,N/A,STIPostImmigrating,0,71,121,0,0,MARITAL,NORMAL,8,1,1
1307,1964.08,249,38.6205,M,1,0,N/A,STIPostImmigrating,0,165,46,0,0,INFORMAL,PAUSED,321,1,0
1307,1964.08,186,46.5225,M,1,0,N/A,STIPostImmigrating,0,118,45,0,0,MARITAL,PAUSED,269,1,0
1308,1964.08,23,54.3462,F,2,3,local,STIPreEmigrating,0,62,162,0,0,MARITAL,PAUSED,232,0,2
1308,1964.08,23,54.3462,F,3,0,N/A,STIPostImmigrating,0,62,162,0,0,MARITAL,PAUSED,232,0,3
1311,1964.09,54,46.4505,M,1,4,local,STIPreEmigrating,0,66,98,0,0,MARITAL,PAUSED,4,1,0
1311,1964.09,54,46.4505,M,4,0,N/A,STIPostImmigrating,0,66,98,0,0,MARITAL,NORMAL,4,4,4
1314,1964.1,155,32.8968,F,2,3,local,STIPreEmigrating,0,51,176,0,0,INFORMAL,NORMAL,255,2,2
1314,1964.1,155,32.8968,F,3,0,N/A,STIPostImmigrating,0,51,176,0,0,INFORMAL,PAUSED,255,0,3
1315,1964.1,104,34.4753,M,3,4,local,STIPreEmigrating,0,154,18,0,0,INFORMAL,PAUSED,239,3,0
1315,1964.1,302,40.7826,F,1,3,local,STIPreEmigrating,0,71,122,0,0,MARITAL,NORMAL,8,1,1
1315,1964.1,302,40.7826,F,3,0,N/A,STIPostImmigrating,0,71,122,0,0,MARITAL,PAUSED,8,0,3
1315,1964.1,104,34.4753,M,4,0,N/A,STIPostImmigrating,0,154,18,0,0,INFORMAL,PAUSED,239,4,0
1316,1964.11,79,40.7236,F,2,4,local,STIPreEmigrating,0,65,133,0,0,MARITAL,PAUSED,284,0,2
1316,1964.11,79,40.7236,F,4,0,N/A,STIPostImmigrating,0,65,133,0,0,MARITAL,PAUSED,284,0,4
1318,1964.11,305,34.3617,M,3,4,local,STIPreEmigrating,0,16,99,0,0,MARITAL,PAUSED,73,3,0
1318,1964.11,123,36.6283,F,2,1,local,STIPreEmigrating,0,8,140,0,0,MARITAL,PAUSED,235,0,2
1318,1964.11,52,38.2893,F,1,3,local,STIPreEmigrating,0,28,106,0,0,MARITAL,PAUSED,120,0,1
1318,1964.11,52,38.2893,F,3,0,N/A,STIPostImmigrating,0,28,106,0,0,MARITAL,NORMAL,120,3,3
1318,1964.11,123,36.6283,F,1,0,N/A,STIPostImmigrating,0,8,140,0,0,MARITAL,PAUSED,235,0,1
1318,1964.11,305,34.3617,M,4,0,N/A,STIPostImmigrating,0,16,99,0,0,MARITAL,PAUSED,73,4,0
1320,1964.12,155,32.9132,F,3,2,local,STIPreEmigrating,0,51,176,0,0,INFORMAL,PAUSED,255,0,3
1320,1964.12,311,30.2302,M,2,4,local,STIPreEmigrating,0,166,27,0,0,INFORMAL,PAUSED,306,2,0
1320,1964.12,311,30.2302,M,4,0,N/A,STIPostImmigrating,0,166,27,0,0,INFORMAL,PAUSED,306,4,0
1320,1964.12,155,32.9132,F,2,0,N/A,STIPostImmigrating,0,51,176,0,0,INFORMAL,NORMAL,255,2,2
1321,1964.12,270,33.0108,M,1,4,local,STIPreEmigrating,0,111,87,0,0,TRANSITORY,PAUSED,168,1,0
1321,1964.12,270,33.0108,M,4,0,N/A,STIPostImmigrating,0,111,87,0,0,TRANSITORY,PAUSED,168,4,0
1322,1964.12,206,42.9308,M,3,1,local,STIPreEmigrating,0,46,109,0,0,MARITAL,PAUSED,142,3,0
1322,1964.12,23,54.3845,F,3,2,local,STIPreEmigrating,0,62,162,0,0,MARITAL,PAUSED,232,0,3
1322,1964.12,23,54.3845,F,2,0,N/A,STIPostImmigrating,0,62,162,0,0,MARITAL,PAUSED,232,0,2
1322,1964.12,206,42.9308,M,1,0,N/A,STIPostImmigrating,0,46,109,0,0,MARITAL,NORMAL,142,1,1
1323,1964.12,155,32.9215,F,2,3,local,STIPreEmigrating,0,51,176,0,0,INFORMAL,NORMAL,255,2,2
1323,1964.12,71,31.1235,F,2,4,local,STIPreEmigrating,0,167,13,0,0,TRANSITORY,PAUSED,133,0,2
1323,1964.12,139,41.7875,M,2,1,local,STIPreEmigrating,0,109,8,0,0,MARITAL,PAUSED,211,2,0
1323,1964.12,139,41.7875,M,1,0,N/A,STIPostImmigrating,0,109,8,0,0,MARITAL,PAUSED,211,1,0
1323,1964.12,71,31.1235,F,4,0,N/A,STIPostImmigrating,0,167,13,0,0,TRANSITORY,NORMAL,133,4,4
1323,1964.12,155,32.9215,F,3,0,N/A,STIPostImmigrating,0,51,176,0,0,INFORMAL,PAUSED,255,0,3
1324,1964.13,219,33.6229,M,4,2,local,STIPreEmigrating,0,185,8,0,0,INFORMAL,NORMAL,31,4,4
1324,1964.13,200,30.1731,F,3,1,local,STIPreEmigrating,0,57,132,0,0,MARITAL,PAUSED,307,0,3
1324,1964.13,55,44.6712,M,1,2,local,STIPreEmigrating,0,64,79,0,0,MARITAL,PAUSED,45,1,0
1324,1964.13,55,44.6712,M,2,0,N/A,STIPostImmigrating,0,64,79,0,0,MARITAL,PAUSED,45,2,0
1324,1964.13,200,30.1731,F,1,0,N/A,STIPostImmigrating,0,57,132,0,0,MARITAL,PAUSED,307,0,1
1324,1964.13,219,33.6229,M,2,0,N/A,STIPostImmigrating,0,185,8,0,0,INFORMAL,PAUSED,31,2,0
1325,1964.13,132,30.3511,F,2,3,local,STIPreEmigrating,0,170,19,0,0,INFORMAL,NORMAL,169,2,2
1325,1964.13,132,30.3511,F,3,0,N/A,STIPostImmigrating,0,170,19,0,0,INFORMAL,PAUSED,169,0,3
1326,1964.13,240,40.1257,F,3,2,local,STIPreEmigrating,0,49,123,0,0,MARITAL,PAUSED,145,0,3
1326,1964.13,240,40.1257,F,2,0,N/A,STIPostImmigrating,0,49,123,0,0,MARITAL,NORMAL,145,2,2
1327,1964.14,60,34.1512,F,2,3,local,STIPreEmigrating,0,48,128,0,0,MARITAL,PAUSED,68,0,2
1327,1964.14,60,34.1512,F,3,0,N/A,STIPostImmigrating,0,48,128,0,0,MARITAL,PAUSED,68,0,3
1328,1964.14,155,32.9352,F,3,2,local,STIPreEmigrating,0,51,176,0,0,INFORMAL,PAUSED,255,0,3
1328,1964.14,296,34.0458,F,2,3,local,STIPreEmigrating,0,151,54,0,0,INFORMAL,PAUSED,165,0,2
1328,1964.14,139,41.8012,M,1,2,local,STIPreEmigrating,0,109,8,0,0,MARITAL,PAUSED,211,1,0
1328,1964.14,139,41.8012,M,2,0,N/A,STIPostImmigrating,0,109,8,0,0,MARITAL,PAUSED,211,2,0
1328,1964.14,296,34.0458,F,3,0,N/A,STIPostImmigrating,0,151,54,0,0,INFORMAL,PAUSED,165,0,3
1328,1964.14,155,32.9352,F,2,0,N/A,STIPostImmigrating,0,51,176,0,0,INFORMAL,NORMAL,255,2,2
1329,1964.14,165,40.4433,M,4,2,local,STIPreEmigrating,0,151,54,0,0,INFORMAL,PAUSED,296,4,0
1329,1964.14,155,32.9379,F,2,1,local,STIPreEmigrating,0,51,177,0,0,INFORMAL,NORMAL,255,2,2
1329,1964.14,155,32.9379,F,1,0,N/A,STIPostImmigrating,0,51,177,0,0,INFORMAL,PAUSED,255,0,1
1329,1964.14,165,40.4433,M,2,0,N/A,STIPostImmigrating,0,151,54,0,0,INFORMAL,PAUSED,296,2,0
1330,1964.14,180,44.5141,F,4,3,local,STIPreEmigrating,0,83,142,0,0,MARITAL,NORMAL,341,4,4
1330,1964.14,180,44.5141,F,3,0,N/A,STIPostImmigrating,0,83,142,0,0,MARITAL,PAUSED,341,0,3
1332,1964.15,75,46.0203,M,2,4,local,STIPreEmigrating,0,58,155,0,0,MARITAL,PAUSED,185,2,0
1332,1964.15,75,46.0203,M,4,0,N/A,STIPostImmigrating,0,58,155,0,0,MARITAL,PAUSED,185,4,0
1333,1964.15,128,30.3057,F,2,3,local,STIPreEmigrating,0,164,11,0,0,INFORMAL,PAUSED,198,0,2
1333,1964.15,106,33.4093,F,1,4,local,STIPreEmigrating,0,30,170,0,0,MARITAL,NORMAL,98,1,1
1333,1964.15,106,33.4093,F,4,0,N/A,STIPostImmigrating,0,30,170,0,0,MARITAL,PAUSED,98,0,4
1333,1964.15,128,30.3057,F,3,0,N/A,STIPostImmigrating,0,164,11,0,0,INFORMAL,PAUSED,198,0,3
1334,1964.15,263,37.4369,F,4,2,local,STIPreEmigrating,0,91,96,0,0,INFORMAL,PAUSED,157,0,4
1334,1964.15,146,54.2232,F,3,1,local,STIPreEmigrating,0,39,79,0,0,MARITAL,PAUSED,78,0,3
1334,1964.15,146,54.2232,F,1,0,N/A,STIPostImmigrating,0,39,79,0,0,MARITAL,NORMAL,78,1,1
1334,1964.15,263,37.4369,F,2,0,N/A,STIPostImmigrating,0,91,96,0,0,INFORMAL,NORMAL,157,2,2
1335,1964.16,197,35.3514,F,4,3,local,STIPreEmigrating,0,18,77,0,0,MARITAL,PAUSED,113,0,4
1335,1964.16,197,35.3514,F,3,0,N/A,STIPostImmigrating,0,18,77,0,0,MARITAL,NORMAL,113,3,3
1338,1964.17,99,37.0969,M,4,2,local,STIPreEmigrating,0,125,31,0,0,MARITAL,PAUSED,189,4,0
1338,1964.17,99,37.0969,M,2,0,N/A,STIPostImmigrating,0,125,31,0,0,MARITAL,PAUSED,189,2,0
1339,1964.17,281,45.9247,M,4,2,local,STIPreEmigrating,0,32,153,0,0,MARITAL,NORMAL,177,4,4
1339,1964.17,128,30.3221,F,3,1,local,STIPreEmigrating,0,164,11,0,0,INFORMAL,PAUSED,198,0,3
1339,1964.17,337,51.7568,M,2,4,local,STIPreEmigrating,0,54,164,0,0,MARITAL,NORMAL,194,2,2
1339,1964.17,337,51.7568,M,4,0,N/A,STIPostImmigrating,0,54,164,0,0,MARITAL,PAUSED,194,4,0
1339,1964.17,128,30.3221,F,1,0,N/A,STIPostImmigrating,0,164,11,0,0,INFORMAL,NORMAL,198,1,1
1339,1964.17,281,45.9247,M,2,0,N/A,STIPostImmigrating,0,32,153,0,0,MARITAL,PAUSED,177,2,0
1340,1964.17,23,54.4338,F,2,1,local,STIPreEmigrating,0,62,162,0,0,MARITAL,PAUSED,232,0,2
1340,1964.17,23,54.4338,F,1,0,N/A,STIPostImmigrating,0,62,162,0,0,MARITAL,PAUSED,232,0,1
1342,1964.18,55,44.7205,M,2,3,local,STIPreEmigrating,0,64,79,0,0,MARITAL,PAUSED,45,2,0
1342,1964.18,55,44.7205,M,3,0,N/A,STIPostImmigrating,0,64,79,0,0,MARITAL,PAUSED,45,3,0
1344,1964.18,103,48.7487,M,4,2,local,STIPreEmigrating,0,13,81,0,0,MARITAL,PAUSED,291,4,0
1344,1964.18,227,32.6116,M,2,4,local,STIPreEmigrating,0,130,50,0,0,TRANSITORY,PAUSED,274,2,0
1344,1964.18,251,34.5106,M,2,3,local,STIPreEmigrating,0,189,13,0,0,TRANSITORY,NORMAL,9,2,2
1344,1964.18,251,34.5106,M,3,0,N/A,STIPostImmigrating,0,189,13,0,0,TRANSITORY,PAUSED,9,3,0
1344,1964.18,227,32.6116,M,4,0,N/A,STIPostImmigrating,0,130,50,0,0,TRANSITORY,NORMAL,274,4,4
1344,1964.18,103,48.7487,M,2,0,N/A,STIPostImmigrating,0,13,81,0,0,MARITAL,PAUSED,291,2,0
1345,1964.18,328,57.2543,M,2,3,local,STIPreEmigrating,0,175,7,0,0,MARITAL,PAUSED,213,2,0
1345,1964.18,139,41.8478,M,2,4,local,STIPreEmigrating,0,109,8,0,0,MARITAL,PAUSED,211,2,0
1345,1964.18,142,36.6814,F,1,4,local,STIPreEmigrating,0,46,117,0,0,MARITAL,NORMAL,206,1,1
1345,1964.18,142,36.6814,F,4,0,N/A,STIPostImmigrating,0,46,117,0,0,MARITAL,PAUSED,206,0,4
1345,1964.18,139,41.8478,M,4,0,N/A,STIPostImmigrating,0,109,8,0,0,MARITAL,PAUSED,211,4,0
1345,1964.18,328,57.2543,M,3,0,N/A,STIPostImmigrating,0,175,7,0,0,MARITAL,PAUSED,213,3,0
1346,1964.19,73,30.9111,F,1,4,local,STIPreEmigrating,0,16,99,0,0,MARITAL,PAUSED,305,0,1
1346,1964.19,73,30.9111,F,4,0,N/A,STIPostImmigrating,0,16,99,0,0,MARITAL,NORMAL,305,4,4
1347,1964.19,13,30.1522,M,2,4,local,STIPreEmigrating,0,139,55,0,0,INFORMAL,PAUSED,50,2,0
1347,1964.19,255,37.3728,M,2,3,local,STIPreEmigrating,0,51,177,0,0,INFORMAL,PAUSED,155,2,0
1347,1964.19,98,37.1062,M,1,4,local,STIPreEmigrating,0,30,170,0,0,MARITAL,PAUSED,106,1,0
1347,1964.19,98,37.1062,M,4,0,N/A,STIPostImmigrating,0,30,170,0,0,MARITAL,NORMAL,106,4,4
1347,1964.19,255,37.3728,M,3,0,N/A,STIPostImmigrating,0,51,177,0,0,INFORMAL,PAUSED,155,3,0
1347,1964.19,13,30.1522,M,4,0,N/A,STIPostImmigrating,0,139,55,0,0,INFORMAL,NORMAL,50,4,4
1349,1964.2,73,30.9193,F,4,2,local,STIPreEmigrating,0,16,99,0,0,MARITAL,NORMAL,305,4,4
1349,1964.2,327,59.3588,M,4,2,local,STIPreEmigrating,0,69,125,0,0,MARITAL,PAUSED,290,4,0
1349,1964.2,327,59.3588,M,2,0,N/A,STIPostImmigrating,0,69,125,0,0,MARITAL,PAUSED,290,2,0
1349,1964.2,73,30.9193,F,2,0,N/A,STIPostImmigrating,0,16,99,0,0,MARITAL,PAUSED,305,0,2
1350,1964.2,55,44.7424,M,3,2,local,STIPreEmigrating,0,64,79,0,0,MARITAL,PAUSED,45,3,0
1350,1964.2,101,34.7802,F,2,4,local,STIPreEmigrating,0,24,156,0,0,MARITAL,PAUSED,49,0,2
1350,1964.2,263,37.4808,F,2,1,local,STIPreEmigrating,0,91,101,0,0,INFORMAL,NORMAL,157,2,2
1350,1964.2,263,37.4808,F,1,0,N/A,STIPostImmigrating,0,91,101,0,0,INFORMAL,PAUSED,157,0,1
1350,1964.2,101,34.7802,F,4,0,N/A,STIPostImmigrating,0,24,156,0,0,MARITAL,NORMAL,49,4,4
1350,1964.2,55,44.7424,M,2,0,N/A,STIPostImmigrating,0,64,79,0,0,MARITAL,PAUSED,45,2,0
1352,1964.2,177,42.2411,F,4,1,local,STIPreEmigrating,0,32,153,0,0,MARITAL,PAUSED,281,0,4
1352,1964.2,78,59.6041,M,1,4,local,STIPreEmigrating,0,39,86,0,0,MARITAL,NORMAL,146,1,1
1352,1964.2,78,59.6041,M,4,0,N/A,STIPostImmigrating,0,39,86,0,0,MARITAL,PAUSED,146,4,0
1352,1964.2,177,42.2411,F,1,0,N/A,STIPostImmigrating,0,32,153,0,0,MARITAL,PAUSED,281,0,1
1354,1964.21,235,53.2609,M,4,2,local,STIPreEmigrating,0,8,140,0,0,MARITAL,PAUSED,123,4,0
1354,1964.21,103,48.7761,M,2,3,local,STIPreEmigrating,0,13,81,0,0,MARITAL,PAUSED,291,2,0
1354,1964.21,103,48.7761,M,3,0,N/A,STIPostImmigrating,0,13,81,0,0,MARITAL,PAUSED,291,3,0
1354,1964.21,235,53.2609,M,2,0,N/A,STIPostImmigrating,0,8,140,0,0,MARITAL,PAUSED,123,2,0
1355,1964.21,54,46.571,M,4,1,local,STIPreEmigrating,0,66,111,0,0,MARITAL,NORMAL,4,4,4
1355,1964.21,54,46.571,M,1,0,N/A,STIPostImmigrating,0,66,111,0,0,MARITAL,PAUSED,4,1,0
1358,1964.22,211,37.7539,F,3,2,local,STIPreEmigrating,0,109,8,0,0,MARITAL,PAUSED,139,0,3
1358,1964.22,211,37.7539,F,2,0,N/A,STIPostImmigrating,0,109,8,0,0,MARITAL,PAUSED,139,0,2
1359,1964.22,151,33.7231,F,4,2,local,STIPreEmigrating,0,134,77,0,0,INFORMAL,PAUSED,17,0,4
1359,1964.22,269,45.9721,F,4,1,local,STIPreEmigrating,0,118,45,0,0,MARITAL,PAUSED,186,0,4
1359,1964.22,269,45.9721,F,1,0,N/A,STIPostImmigrating,0,118,45,0,0,MARITAL,NORMAL,186,1,1
1359,1964.22,151,33.7231,F,2,0,N/A,STIPostImmigrating,0,134,77,0,0,INFORMAL,NORMAL,17,2,2
1360,1964.23,292,35.3091,F,3,1,local,STIPreEmigrating,0,142,6,0,0,TRANSITORY,PAUSED,70,0,3
1360,1964.23,292,35.3091,F,1,0,N/A,STIPostImmigrating,0,142,6,0,0,TRANSITORY,PAUSED,70,0,1
1361,1964.23,13,30.1906,M,4,1,local,STIPreEmigrating,0,139,61,0,0,INFORMAL,NORMAL,50,4,4
1361,1964.23,327,59.3917,M,2,4,local,STIPreEmigrating,0,69,125,0,0,MARITAL,PAUSED,290,2,0
1361,1964.23,327,59.3917,M,4,0,N/A,STIPostImmigrating,0,69,125,0,0,MARITAL,PAUSED,290,4,0
1361,1964.23,13,30.1906,M,1,0,N/A,STIPostImmigrating,0,139,61,0,0,INFORMAL,PAUSED,50,1,0
1364,1964.24,180,44.6073,F,3,2,local,STIPreEmigrating,0,83,142,0,0,MARITAL,PAUSED,341,0,3
1364,1964.24,60,34.2526,F,3,1,local,STIPreEmigrating,0,48,128,0,0,MARITAL,PAUSED,68,0,3
1364,1964.24,60,34.2526,F,1,0,N/A,STIPostImmigrating,0,48,128,0,0,MARITAL,PAUSED,68,0,1
1364,1964.24,180,44.6073,F,2,0,N/A,STIPostImmigrating,0,83,142,0,0,MARITAL,PAUSED,341,0,2
1365,1964.24,161,31.306,M,1,4,local,STIPreEmigrating,0,192,17,0,0,INFORMAL,NORMAL,111,1,1
1365,1964.24,161,31.306,M,4,0,N/A,STIPostImmigrating,0,192,17,0,0,INFORMAL,PAUSED,111,4,0
1366,1964.24,296,34.1499,F,3,4,local,STIPreEmigrating,0,151,54,0,0,INFORMAL,PAUSED,165,0,3
1366,1964.24,55,44.7863,M,2,1,local,STIPreEmigrating,0,64,79,0,0,MARITAL,PAUSED,45,2,0
1366,1964.24,180,44.6127,F,2,3,local,STIPreEmigrating,0,83,142,0,0,MARITAL,PAUSED,341,0,2
1366,1964.24,180,44.6127,F,3,0,N/A,STIPostImmigrating,0,83,142,0,0,MARITAL,PAUSED,341,0,3
1366,1964.24,55,44.7863,M,1,0,N/A,STIPostImmigrating,0,64,79,0,0,MARITAL,PAUSED,45,1,0
1366,1964.24,296,34.1499,F,4,0,N/A,STIPostImmigrating,0,151,54,0,0,INFORMAL,PAUSED,165,0,4
1368,1964.25,101,34.8295,F,4,2,local,STIPreEmigrating,0,24,164,0,0,MARITAL,NORMAL,49,4,4
1368,1964.25,101,34.8295,F,2,0,N/A,STIPostImmigrating,0,24,164,0,0,MARITAL,PAUSED,49,0,2
1369,1964.25,213,51.0139,F,1,4,local,STIPreEmigrating,0,175,7,0,0,MARITAL,PAUSED,328,0,1
1369,1964.25,213,51.0139,F,4,0,N/A,STIPostImmigrating,0,175,7,0,0,MARITAL,PAUSED,328,0,4
1370,1964.25,284,46.5308,M,3,1,local,STIPreEmigrating,0,65,133,0,0,MARITAL,PAUSED,79,3,0
1370,1964.25,284,46.5308,M,1,0,N/A,STIPostImmigrating,0,65,133,0,0,MARITAL,PAUSED,79,1,0
1371,1964.26,71,31.255,F,4,2,local,STIPreEmigrating,0,167,15,0,0,TRANSITORY,NORMAL,133,4,4
1371,1964.26,15,50.433,F,2,3,local,STIPreEmigrating,0,73,99,0,0,MARITAL,NORMAL,191,2,2
1371,1964.26,15,50.433,F,3,0,N/A,STIPostImmigrating,0,73,99,0,0,MARITAL,PAUSED,191,0,3
1371,1964.26,71,31.255,F,2,0,N/A,STIPostImmigrating,0,167,15,0,0,TRANSITORY,PAUSED,133,0,2
1372,1964.26,305,34.5097,M,4,3,local,STIPreEmigrating,0,16,99,0,0,MARITAL,PAUSED,73,4,0
1372,1964.26,305,34.5097,M,3,0,N/A,STIPostImmigrating,0,16,99,0,0,MARITAL,PAUSED,73,3,0
1373,1964.26,235,53.3129,M,2,3,local,STIPreEmigrating,0,8,140,0,0,MARITAL,PAUSED,123,2,0
1373,1964.26,235,53.3129,M,3,0,N/A,STIPostImmigrating,0,8,140,0,0,MARITAL,PAUSED,123,3,0
1375,1964.27,104,34.6397,M,4,3,local,STIPreEmigrating,0,154,18,0,0,INFORMAL,PAUSED,239,4,0
1375,1964.27,186,46.7088,M,1,4,local,STIPreEmigrating,0,118,50,0,0,MARITAL,NORMAL,269,1,1
1375,1964.27,186,46.7088,M,4,0,N/A,STIPostImmigrating,0,118,50,0,0,MARITAL,PAUSED,269,4,0
1375,1964.27,104,34.6397,M,3,0,N/A,STIPostImmigrating,0,154,18,0,0,INFORMAL,PAUSED,239,3,0
1376,1964.27,45,32.8883,F,4,3,local,STIPreEmigrating,0,64,79,0,0,MARITAL,PAUSED,55,0,4
1376,1964.27,99,37.201,M,2,4,local,STIPreEmigrating,0,125,31,0,0,MARITAL,PAUSED,189,2,0
1376,1964.27,17,30.0428,M,2,4,local,STIPreEmigrating,0,134,84,0,0,INFORMAL,NORMAL,151,2,2
1376,1964.27,198,39.8949,M,1,2,local,STIPreEmigrating,0,164,25,0,0,INFORMAL,NORMAL,128,1,1
1376,1964.27,198,39.8949,M,2,0,N/A,STIPostImmigrating,0,164,25,0,0,INFORMAL,PAUSED,128,2,0
1376,1964.27,17,30.0428,M,4,0,N/A,STIPostImmigrating,0,134,84,0,0,INFORMAL,PAUSED,151,4,0
1376,1964.27,99,37.201,M,4,0,N/A,STIPostImmigrating,0,125,31,0,0,MARITAL,PAUSED,189,4,0
1376,1964.27,45,32.8883,F,3,0,N/A,STIPostImmigrating,0,64,79,0,0,MARITAL,PAUSED,55,0,3
1377,1964.27,49,57.1428,M,4,1,local,STIPreEmigrating,0,24,164,0,0,MARITAL,PAUSED,101,4,0
1377,1964.27,213,51.0359,F,4,2,local,STIPreEmigrating,0,175,7,0,0,MARITAL,PAUSED,328,0,4
1377,1964.27,213,51.0359,F,2,0,N/A,STIPostImmigrating,0,175,7,0,0,MARITAL,PAUSED,328,0,2
1377,1964.27,49,57.1428,M,1,0,N/A,STIPostImmigrating,0,24,164,0,0,MARITAL,PAUSED,101,1,0
1378,1964.28,327,59.4382,M,4,2,local,STIPreEmigrating,0,69,125,0,0,MARITAL,PAUSED,290,4,0
1378,1964.28,79,40.8934,F,4,2,local,STIPreEmigrating,0,65,133,0,0,MARITAL,PAUSED,284,0,4
1378,1964.28,79,40.8934,F,2,0,N/A,STIPostImmigrating,0,65,133,0,0,MARITAL,PAUSED,284,0,2
1378,1964.28,327,59.4382,M,2,0,N/A,STIPostImmigrating,0,69,125,0,0,MARITAL,PAUSED,290,2,0
1379,1964.28,311,30.3918,M,4,2,local,STIPreEmigrating,0,166,27,0,0,INFORMAL,PAUSED,306,4,0
1379,1964.28,104,34.6507,M,3,1,local,STIPreEmigrating,0,154,18,0,0,INFORMAL,PAUSED,239,3,0
1379,1964.28,104,34.6507,M,1,0,N/A,STIPostImmigrating,0,154,18,0,0,INFORMAL,NORMAL,239,1,1
1379,1964.28,311,30.3918,M,2,0,N/A,STIPostImmigrating,0,166,27,0,0,INFORMAL,PAUSED,306,2,0
1381,1964.28,341,52.816,M,4,2,local,STIPreEmigrating,0,83,142,0,0,MARITAL,PAUSED,180,4,0
1381,1964.28,341,52.816,M,2,0,N/A,STIPostImmigrating,0,83,142,0,0,MARITAL,PAUSED,180,2,0
1382,1964.29,328,57.3556,M,3,4,local,STIPreEmigrating,0,175,7,0,0,MARITAL,PAUSED,213,3,0
1382,1964.29,219,33.7818,M,2,4,local,STIPreEmigrating,0,185,8,0,0,INFORMAL,PAUSED,31,2,0
1382,1964.29,3,37.8376,M,1,2,local,STIPreEmigrating,0,124,87,0,0,INFORMAL,NORMAL,32,1,1
1382,1964.29,3,37.8376,M,2,0,N/A,STIPostImmigrating,0,124,87,0,0,INFORMAL,PAUSED,32,2,0
1382,1964.29,219,33.7818,M,4,0,N/A,STIPostImmigrating,0,185,8,0,0,INFORMAL,NORMAL,31,4,4
1382,1964.29,328,57.3556,M,4,0,N/A,STIPostImmigrating,0,175,7,0,0,MARITAL,PAUSED,213,4,0
1383,1964.29,26,39.7011,F,4,1,local,STIPreEmigrating,0,101,125,0,0,MARITAL,PAUSED,37,0,4
1383,1964.29,26,39.7011,F,1,0,N/A,STIPostImmigrating,0,101,125,0,0,MARITAL,PAUSED,37,0,1
1384,1964.29,236,39.4575,M,2,3,local,STIPreEmigrating,0,40,108,0,0,MARITAL,PAUSED,244,2,0
1384,1964.29,236,39.4575,M,3,0,N/A,STIPostImmigrating,0,40,108,0,0,MARITAL,PAUSED,244,3,0
1385,1964.29,341,52.8269,M,2,4,local,STIPreEmigrating,0,83,142,0,0,MARITAL,PAUSED,180,2,0
1385,1964.29,341,52.8269,M,4,0,N/A,STIPostImmigrating,0,83,142,0,0,MARITAL,PAUSED,180,4,0
1386,1964.3,146,54.3656,F,1,3,local,STIPreEmigrating,0,39,86,0,0,MARITAL,PAUSED,78,0,1
1386,1964.3,146,54.3656,F,3,0,N/A,STIPostImmigrating,0,39,86,0,0,MARITAL,PAUSED,78,0,3
1387,1964.3,26,39.7121,F,1,4,local,STIPreEmigrating,0,101,125,0,0,MARITAL,PAUSED,37,0,1
1387,1964.3,26,39.7121,F,4,0,N/A,STIPostImmigrating,0,101,125,0,0,MARITAL,PAUSED,37,0,4
1388,1964.3,118,35.0578,F,1,3,local,STIPreEmigrating,0,158,29,0,0,MARITAL,PAUSED,202,0,1
1388,1964.3,118,35.0578,F,3,0,N/A,STIPostImmigrating,0,158,29,0,0,MARITAL,NORMAL,202,3,3
1390,1964.31,108,30.558,M,4,3,local,STIPreEmigrating,0,56,180,0,0,MARITAL,NORMAL,159,4,4
1390,1964.31,121,52.7866,F,4,2,local,STIPreEmigrating,0,76,184,0,0,MARITAL,PAUSED,16,0,4
1390,1964.31,202,40.96,M,3,1,local,STIPreEmigrating,0,158,29,0,0,MARITAL,NORMAL,118,3,3
1390,1964.31,202,40.96,M,1,0,N/A,STIPostImmigrating,0,158,29,0,0,MARITAL,PAUSED,118,1,0
1390,1964.31,121,52.7866,F,2,0,N/A,STIPostImmigrating,0,76,184,0,0,MARITAL,PAUSED,16,0,2
1390,1964.31,108,30.558,M,3,0,N/A,STIPostImmigrating,0,56,180,0,0,MARITAL,PAUSED,159,3,0
1391,1964.31,341,52.8434,M,4,1,local,STIPreEmigrating,0,83,142,0,0,MARITAL,PAUSED,180,4,0
1391,1964.31,151,33.8107,F,2,4,local,STIPreEmigrating,0,134,84,0,0,INFORMAL,PAUSED,17,0,2
1391,1964.31,151,33.8107,F,4,0,N/A,STIPostImmigrating,0,134,84,0,0,INFORMAL,NORMAL,17,4,4
1391,1964.31,341,52.8434,M,1,0,N/A,STIPostImmigrating,0,83,142,0,0,MARITAL,PAUSED,180,1,0
1392,1964.31,101,34.8953,F,2,4,local,STIPreEmigrating,0,24,164,0,0,MARITAL,PAUSED,49,0,2
1392,1964.31,101,34.8953,F,4,0,N/A,STIPostImmigrating,0,24,164,0,0,MARITAL,PAUSED,49,0,4
1394,1964.32,75,46.1901,M,4,2,local,STIPreEmigrating,0,58,155,0,0,MARITAL,PAUSED,185,4,0
1394,1964.32,291,40.6049,F,1,2,local,STIPreEmigrating,0,13,81,0,0,MARITAL,PAUSED,103,0,1
1394,1964.32,104,34.6917,M,1,3,local,STIPreEmigrating,0,154,19,0,0,INFORMAL,PAUSED,239,1,0
1394,1964.32,104,34.6917,M,3,0,N/A,STIPostImmigrating,0,154,19,0,0,INFORMAL,PAUSED,239,3,0
1394,1964.32,291,40.6049,F,2,0,N/A,STIPostImmigrating,0,13,81,0,0,MARITAL,PAUSED,103,0,2
1394,1964.32,75,46.1901,M,2,0,N/A,STIPostImmigrating,0,58,155,0,0,MARITAL,PAUSED,185,2,0
1396,1964.32,290,52.6673,F,3,1,local,STIPreEmigrating,0,69,125,0,0,MARITAL,PAUSED,327,0,3
1396,1964.32,290,52.6673,F,1,0,N/A,STIPostImmigrating,0,69,125,0,0,MARITAL,PAUSED,327,0,1
1397,1964.33,291,40.6131,F,2,4,local,STIPreEmigrating,0,13,81,0,0,MARITAL,PAUSED,103,0,2
1397,1964.33,291,40.6131,F,4,0,N/A,STIPostImmigrating,0,13,81,0,0,MARITAL,PAUSED,103,0,4
1398,1964.33,213,51.0934,F,2,4,local,STIPreEmigrating,0,175,7,0,0,MARITAL,PAUSED,328,0,2
1398,1964.33,263,37.6123,F,1,2,local,STIPreEmigrating,0,91,101,0,0,INFORMAL,PAUSED,157,0,1
1398,1964.33,263,37.6123,F,2,0,N/A,STIPostImmigrating,0,91,101,0,0,INFORMAL,NORMAL,157,2,2
1398,1964.33,213,51.0934,F,4,0,N/A,STIPostImmigrating,0,175,7,0,0,MARITAL,NORMAL,328,4,4
1399,1964.33,49,57.2031,M,1,4,local,STIPreEmigrating,0,24,164,0,0,MARITAL,PAUSED,101,1,0
1399,1964.33,49,57.2031,M,4,0,N/A,STIPostImmigrating,0,24,164,0,0,MARITAL,NORMAL,101,4,4
1401,1964.34,23,54.601,F,1,2,local,STIPreEmigrating,0,62,162,0,0,MARITAL,PAUSED,232,0,1
1401,1964.34,23,54.601,F,2,0,N/A,STIPostImmigrating,0,62,162,0,0,MARITAL,PAUSED,232,0,2
1404,1964.35,180,44.7169,F,3,2,local,STIPreEmigrating,0,83,142,0,0,MARITAL,PAUSED,341,0,3
1404,1964.35,336,56.1723,F,2,3,local,STIPreEmigrating,0,70,56,0,0,MARITAL,NORMAL,149,2,2
1404,1964.35,336,56.1723,F,3,0,N/A,STIPostImmigrating,0,70,56,0,0,MARITAL,PAUSED,149,0,3
1404,1964.35,180,44.7169,F,2,0,N/A,STIPostImmigrating,0,83,142,0,0,MARITAL,PAUSED,341,0,2
1405,1964.35,23,54.6119,F,2,4,local,STIPreEmigrating,0,62,162,0,0,MARITAL,PAUSED,232,0,2
1405,1964.35,206,43.1582,M,1,2,local,STIPreEmigrating,0,46,117,0,0,MARITAL,PAUSED,142,1,0
1405,1964.35,206,43.1582,M,2,0,N/A,STIPostImmigrating,0,46,117,0,0,MARITAL,PAUSED,142,2,0
1405,1964.35,23,54.6119,F,4,0,N/A,STIPostImmigrating,0,62,162,0,0,MARITAL,NORMAL,232,4,4
1406,1964.35,17,30.125,M,4,1,local,STIPreEmigrating,0,134,89,0,0,INFORMAL,NORMAL,151,4,4
1406,1964.35,213,51.1153,F,4,1,local,STIPreEmigrating,0,175,11,0,0,MARITAL,NORMAL,328,4,4
1406,1964.35,54,46.7107,M,1,4,local,STIPreEmigrating,0,66,111,0,0,MARITAL,PAUSED,4,1,0
1406,1964.35,54,46.7107,M,4,0,N/A,STIPostImmigrating,0,66,111,0,0,MARITAL,NORMAL,4,4,4
1406,1964.35,213,51.1153,F,1,0,N/A,STIPostImmigrating,0,175,11,0,0,MARITAL,PAUSED,328,0,1
1406,1964.35,17,30.125,M,1,0,N/A,STIPostImmigrating,0,134,89,0,0,INFORMAL,PAUSED,151,1,0
1408,1964.36,189,33.3491,F,1,4,local,STIPreEmigrating,0,125,31,0,0,MARITAL,PAUSED,99,0,1
1408,1964.36,189,33.3491,F,4,0,N/A,STIPostImmigrating,0,125,31,0,0,MARITAL,NORMAL,99,4,4
1409,1964.36,55,44.9041,M,1,2,local,STIPreEmigrating,0,64,79,0,0,MARITAL,PAUSED,45,1,0
1409,1964.36,55,44.9041,M,2,0,N/A,STIPostImmigrating,0,64,79,0,0,MARITAL,PAUSED,45,2,0
1410,1964.36,54,46.7217,M,4,1,local,STIPreEmigrating,0,66,111,0,0,MARITAL,NORMAL,4,4,4
1410,1964.36,3,37.9143,M,2,3,local,STIPreEmigrating,0,124,87,0,0,INFORMAL,PAUSED,32,2,0
1410,1964.36,155,33.1598,F,1,2,local,STIPreEmigrating,0,51,177,0,0,INFORMAL,PAUSED,255,0,1
1410,1964.36,290,52.7056,F,1,2,local,STIPreEmigrating,0,69,125,0,0,MARITAL,PAUSED,327,0,1
1410,1964.36,290,52.7056,F,2,0,N/A,STIPostImmigrating,0,69,125,0,0,MARITAL,NORMAL,327,2,2
1410,1964.36,155,33.1598,F,2,0,N/A,STIPostImmigrating,0,51,177,0,0,INFORMAL,PAUSED,255,0,2
1410,1964.36,3,37.9143,M,3,0,N/A,STIPostImmigrating,0,124,87,0,0,INFORMAL,PAUSED,32,3,0
1410,1964.36,54,46.7217,M,1,0,N/A,STIPostImmigrating,0,66,111,0,0,MARITAL,PAUSED,4,1,0
1411,1964.37,17,30.1387,M,1,4,local,STIPreEmigrating,0,134,89,0,0,INFORMAL,PAUSED,151,1,0
1411,1964.37,17,30.1387,M,4,0,N/A,STIPostImmigrating,0,134,89,0,0,INFORMAL,NORMAL,151,4,4
1412,1964.37,67,30.6243,F,2,4,local,STIPreEmigrating,0,7,163,0,0,MARITAL,PAUSED,199,0,2
1412,1964.37,67,30.6243,F,4,0,N/A,STIPostImmigrating,0,7,163,0,0,MARITAL,PAUSED,199,0,4
1413,1964.37,120,35.5752,M,3,4,local,STIPreEmigrating,0,28,137,0,0,MARITAL,NORMAL,52,3,3
1413,1964.37,120,35.5752,M,4,0,N/A,STIPostImmigrating,0,28,137,0,0,MARITAL,PAUSED,52,4,0
1414,1964.37,336,56.1997,F,3,4,local,STIPreEmigrating,0,70,56,0,0,MARITAL,PAUSED,149,0,3
1414,1964.37,336,56.1997,F,4,0,N/A,STIPostImmigrating,0,70,56,0,0,MARITAL,PAUSED,149,0,4
1415,1964.38,270,33.2683,M,4,1,local,STIPreEmigrating,0,111,87,0,0,TRANSITORY,PAUSED,168,4,0
1415,1964.38,327,59.5396,M,2,3,local,STIPreEmigrating,0,69,127,0,0,MARITAL,NORMAL,290,2,2
1415,1964.38,327,59.5396,M,3,0,N/A,STIPostImmigrating,0,69,127,0,0,MARITAL,PAUSED,290,3,0
1415,1964.38,270,33.2683,M,1,0,N/A,STIPostImmigrating,0,111,87,0,0,TRANSITORY,NORMAL,168,1,1
1416,1964.38,307,32.8874,M,2,3,local,STIPreEmigrating,0,57,132,0,0,MARITAL,PAUSED,200,2,0
1416,1964.38,180,44.7497,F,2,3,local,STIPreEmigrating,0,83,142,0,0,MARITAL,PAUSED,341,0,2
1416,1964.38,180,44.7497,F,3,0,N/A,STIPostImmigrating,0,83,142,0,0,MARITAL,PAUSED,341,0,3
1416,1964.38,307,32.8874,M,3,0,N/A,STIPostImmigrating,0,57,132,0,0,MARITAL,PAUSED,200,3,0
1417,1964.38,106,33.6395,F,4,1,local,STIPreEmigrating,0,30,192,0,0,MARITAL,NORMAL,98,4,4
1417,1964.38,244,30.1256,F,4,3,local,STIPreEmigrating,0,40,108,0,0,MARITAL,PAUSED,236,0,4
1417,1964.38,244,30.1256,F,3,0,N/A,STIPostImmigrating,0,40,108,0,0,MARITAL,NORMAL,236,3,3
1417,1964.38,106,33.6395,F,1,0,N/A,STIPostImmigrating,0,30,192,0,0,MARITAL,PAUSED,98,0,1
1419,1964.39,3,37.939,M,3,2,local,STIPreEmigrating,0,124,87,0,0,INFORMAL,PAUSED,32,3,0
1419,1964.39,180,44.7579,F,3,2,local,STIPreEmigrating,0,83,142,0,0,MARITAL,PAUSED,341,0,3
1419,1964.39,180,44.7579,F,2,0,N/A,STIPostImmigrating,0,83,142,0,0,MARITAL,PAUSED,341,0,2
1419,1964.39,3,37.939,M,2,0,N/A,STIPostImmigrating,0,124,87,0,0,INFORMAL,PAUSED,32,2,0
1424,1964.4,142,36.8979,F,4,1,local,STIPreEmigrating,0,46,117,0,0,MARITAL,PAUSED,206,0,4
1424,1964.4,155,33.1982,F,2,1,local,STIPreEmigrating,0,51,177,0,0,INFORMAL,PAUSED,255,0,2
1424,1964.4,155,33.1982,F,1,0,N/A,STIPostImmigrating,0,51,177,0,0,INFORMAL,PAUSED,255,0,1
1424,1964.4,142,36.8979,F,1,0,N/A,STIPostImmigrating,0,46,117,0,0,MARITAL,PAUSED,206,0,1
1425,1964.4,302,41.0839,F,3,1,local,STIPreEmigrating,0,71,122,0,0,MARITAL,PAUSED,8,0,3
1425,1964.4,197,35.598,F,3,4,local,STIPreEmigrating,0,18,108,0,0,MARITAL,NORMAL,113,3,3
1425,1964.4,79,41.0222,F,2,4,local,STIPreEmigrating,0,65,133,0,0,MARITAL,PAUSED,284,0,2
1425,1964.4,79,41.0222,F,4,0,N/A,STIPostImmigrating,0,65,133,0,0,MARITAL,PAUSED,284,0,4
1425,1964.4,197,35.598,F,4,0,N/A,STIPostImmigrating,0,18,108,0,0,MARITAL,PAUSED,113,0,4
1425,1964.4,302,41.0839,F,1,0,N/A,STIPostImmigrating,0,71,122,0,0,MARITAL,NORMAL,8,1,1
1426,1964.41,311,30.5206,M,2,3,local,STIPreEmigrating,0,166,27,0,0,INFORMAL,PAUSED,306,2,0
1426,1964.41,311,30.5206,M,3,0,N/A,STIPostImmigrating,0,166,27,0,0,INFORMAL,PAUSED,306,3,0
1427,1964.41,198,40.0346,M,2,1,local,STIPreEmigrating,0,164,25,0,0,INFORMAL,PAUSED,128,2,0
1427,1964.41,198,40.0346,M,1,0,N/A,STIPostImmigrating,0,164,25,0,0,INFORMAL,NORMAL,128,1,1
1428,1964.41,98,37.3281,M,4,1,local,STIPreEmigrating,0,30,192,0,0,MARITAL,PAUSED,106,4,0
1428,1964.41,98,37.3281,M,1,0,N/A,STIPostImmigrating,0,30,192,0,0,MARITAL,NORMAL,106,1,1
1429,1964.42,52,38.5934,F,3,2,local,STIPreEmigrating,0,28,137,0,0,MARITAL,PAUSED,120,0,3
1429,1964.42,37,39.4717,M,3,4,local,STIPreEmigrating,0,101,125,0,0,MARITAL,PAUSED,26,3,0
1429,1964.42,37,39.4717,M,4,0,N/A,STIPostImmigrating,0,101,125,0,0,MARITAL,NORMAL,26,4,4
1429,1964.42,52,38.5934,F,2,0,N/A,STIPostImmigrating,0,28,137,0,0,MARITAL,PAUSED,120,0,2
1430,1964.42,281,46.174,M,2,4,local,STIPreEmigrating,0,32,153,0,0,MARITAL,PAUSED,177,2,0
1430,1964.42,281,46.174,M,4,0,N/A,STIPostImmigrating,0,32,153,0,0,MARITAL,PAUSED,177,4,0
1431,1964.42,199,52.078,M,3,2,local,STIPreEmigrating,0,7,163,0,0,MARITAL,PAUSED,67,3,0
1431,1964.42,199,52.078,M,2,0,N/A,STIPostImmigrating,0,7,163,0,0,MARITAL,PAUSED,67,2,0
1433,1964.43,37,39.4827,M,4,3,local,STIPreEmigrating,0,101,127,0,0,MARITAL,NORMAL,26,4,4
1433,1964.43,255,37.6084,M,3,2,local,STIPreEmigrating,0,51,177,0,0,INFORMAL,PAUSED,155,3,0
1433,1964.43,32,30.1769,F,1,3,local,STIPreEmigrating,0,124,87,0,0,INFORMAL,PAUSED,3,0,1
1433,1964.43,123,36.9434,F,1,2,local,STIPreEmigrating,0,8,140,0,0,MARITAL,PAUSED,235,0,1
1433,1964.43,123,36.9434,F,2,0,N/A,STIPostImmigrating,0,8,140,0,0,MARITAL,PAUSED,235,0,2
1433,1964.43,32,30.1769,F,3,0,N/A,STIPostImmigrating,0,124,87,0,0,INFORMAL,PAUSED,3,0,3
1433,1964.43,255,37.6084,M,2,0,N/A,STIPostImmigrating,0,51,177,0,0,INFORMAL,PAUSED,155,2,0
1433,1964.43,37,39.4827,M,3,0,N/A,STIPostImmigrating,0,101,127,0,0,MARITAL,PAUSED,26,3,0
1435,1964.43,60,34.4471,F,1,3,local,STIPreEmigrating,0,48,128,0,0,MARITAL,PAUSED,68,0,1
1435,1964.43,60,34.4471,F,3,0,N/A,STIPostImmigrating,0,48,128,0,0,MARITAL,PAUSED,68,0,3
1436,1964.43,151,33.934,F,4,2,local,STIPreEmigrating,0,134,100,0,0,INFORMAL,NORMAL,17,4,4
1436,1964.43,219,33.9297,M,4,2,local,STIPreEmigrating,0,185,24,0,0,INFORMAL,NORMAL,31,4,4
1436,1964.43,58,32.8607,M,3,1,local,STIPreEmigrating,0,168,47,0,0,INFORMAL,PAUSED,61,3,0
1436,1964.43,58,32.8607,M,1,0,N/A,STIPostImmigrating,0,168,47,0,0,INFORMAL,PAUSED,61,1,0
1436,1964.43,219,33.9297,M,2,0,N/A,STIPostImmigrating,0,185,24,0,0,INFORMAL,PAUSED,31,2,0
1436,1964.43,151,33.934,F,2,0,N/A,STIPostImmigrating,0,134,100,0,0,INFORMAL,PAUSED,17,0,2
1437,1964.44,197,35.6309,F,4,3,local,STIPreEmigrating,0,18,108,0,0,MARITAL,PAUSED,113,0,4
1437,1964.44,286,49.0992,M,4,1,local,STIPreEmigrating,0,159,21,0,0,MARITAL,PAUSED,253,4,0
1437,1964.44,286,49.0992,M,1,0,N/A,STIPostImmigrating,0,159,21,0,0,MARITAL,PAUSED,253,1,0
1437,1964.44,197,35.6309,F,3,0,N/A,STIPostImmigrating,0,18,108,0,0,MARITAL,NORMAL,113,3,3
1438,1964.44,26,39.8518,F,4,1,local,STIPreEmigrating,0,101,127,0,0,MARITAL,PAUSED,37,0,4
1438,1964.44,17,30.2127,M,4,1,local,STIPreEmigrating,0,134,100,0,0,INFORMAL,PAUSED,151,4,0
1438,1964.44,255,37.6221,M,2,3,local,STIPreEmigrating,0,51,177,0,0,INFORMAL,PAUSED,155,2,0
1438,1964.44,255,37.6221,M,3,0,N/A,STIPostImmigrating,0,51,177,0,0,INFORMAL,PAUSED,155,3,0
1438,1964.44,17,30.2127,M,1,0,N/A,STIPostImmigrating,0,134,100,0,0,INFORMAL,PAUSED,151,1,0
1438,1964.44,26,39.8518,F,1,0,N/A,STIPostImmigrating,0,101,127,0,0,MARITAL,PAUSED,37,0,1
1441,1964.45,3,37.9992,M,2,1,local,STIPreEmigrating,0,124,87,0,0,INFORMAL,PAUSED,32,2,0
1441,1964.45,3,37.9992,M,1,0,N/A,STIPostImmigrating,0,124,87,0,0,INFORMAL,PAUSED,32,1,0
1442,1964.45,132,30.6716,F,3,1,local,STIPreEmigrating,0,170,19,0,0,INFORMAL,PAUSED,169,0,3
1442,1964.45,253,45.9335,F,2,4,local,STIPreEmigrating,0,159,21,0,0,MARITAL,PAUSED,286,0,2
1442,1964.45,253,45.9335,F,4,0,N/A,STIPostImmigrating,0,159,21,0,0,MARITAL,PAUSED,286,0,4
1442,1964.45,132,30.6716,F,1,0,N/A,STIPostImmigrating,0,170,19,0,0,INFORMAL,PAUSED,169,0,1
1443,1964.45,104,34.826,M,3,4,local,STIPreEmigrating,0,154,19,0,0,INFORMAL,PAUSED,239,3,0
1443,1964.45,219,33.9489,M,2,1,local,STIPreEmigrating,0,185,24,0,0,INFORMAL,PAUSED,31,2,0
1443,1964.45,198,40.0785,M,1,3,local,STIPreEmigrating,0,164,29,0,0,INFORMAL,NORMAL,128,1,1
1443,1964.45,198,40.0785,M,3,0,N/A,STIPostImmigrating,0,164,29,0,0,INFORMAL,PAUSED,128,3,0
1443,1964.45,219,33.9489,M,1,0,N/A,STIPostImmigrating,0,185,24,0,0,INFORMAL,PAUSED,31,1,0
1443,1964.45,104,34.826,M,4,0,N/A,STIPostImmigrating,0,154,19,0,0,INFORMAL,PAUSED,239,4,0
1444,1964.46,253,45.939,F,4,3,local,STIPreEmigrating,0,159,21,0,0,MARITAL,PAUSED,286,0,4
1444,1964.46,269,46.205,F,1,4,local,STIPreEmigrating,0,118,50,0,0,MARITAL,PAUSED,186,0,1
1444,1964.46,270,33.3477,M,1,3,local,STIPreEmigrating,0,111,98,0,0,TRANSITORY,NORMAL,168,1,1
1444,1964.46,270,33.3477,M,3,0,N/A,STIPostImmigrating,0,111,98,0,0,TRANSITORY,PAUSED,168,3,0
1444,1964.46,269,46.205,F,4,0,N/A,STIPostImmigrating,0,118,50,0,0,MARITAL,NORMAL,186,4,4
1444,1964.46,253,45.939,F,3,0,N/A,STIPostImmigrating,0,159,21,0,0,MARITAL,PAUSED,286,0,3
1445,1964.46,197,35.6528,F,3,4,local,STIPreEmigrating,0,18,111,0,0,MARITAL,NORMAL,113,3,3
1445,1964.46,197,35.6528,F,4,0,N/A,STIPostImmigrating,0,18,111,0,0,MARITAL,PAUSED,113,0,4
1447,1964.46,337,52.0527,M,4,1,local,STIPreEmigrating,0,54,164,0,0,MARITAL,PAUSED,194,4,0
1447,1964.46,4,45.8173,F,4,3,local,STIPreEmigrating,0,66,111,0,0,MARITAL,PAUSED,54,0,4
1447,1964.46,4,45.8173,F,3,0,N/A,STIPostImmigrating,0,66,111,0,0,MARITAL,PAUSED,54,0,3
1447,1964.46,337,52.0527,M,1,0,N/A,STIPostImmigrating,0,54,164,0,0,MARITAL,PAUSED,194,1,0
1448,1964.47,336,56.2928,F,4,3,local,STIPreEmigrating,0,70,56,0,0,MARITAL,PAUSED,149,0,4
1448,1964.47,336,56.2928,F,3,0,N/A,STIPostImmigrating,0,70,56,0,0,MARITAL,PAUSED,149,0,3
1449,1964.47,336,56.2956,F,3,4,local,STIPreEmigrating,0,70,56,0,0,MARITAL,PAUSED,149,0,3
1449,1964.47,341,53.0023,M,1,4,local,STIPreEmigrating,0,83,142,0,0,MARITAL,PAUSED,180,1,0
1449,1964.47,341,53.0023,M,4,0,N/A,STIPostImmigrating,0,83,142,0,0,MARITAL,PAUSED,180,4,0
1449,1964.47,336,56.2956,F,4,0,N/A,STIPostImmigrating,0,70,56,0,0,MARITAL,PAUSED,149,0,4
1450,1964.47,58,32.8991,M,1,2,local,STIPreEmigrating,0,168,47,0,0,INFORMAL,PAUSED,61,1,0
1450,1964.47,58,32.8991,M,2,0,N/A,STIPostImmigrating,0,168,47,0,0,INFORMAL,PAUSED,61,2,0
1451,1964.48,341,53.0077,M,4,3,local,STIPreEmigrating,0,83,142,0,0,MARITAL,PAUSED,180,4,0
1451,1964.48,313,37.0334,F,1,4,local,STIPreEmigrating,0,110,72,0,0,MARITAL,PAUSED,69,0,1
1451,1964.48,313,37.0334,F,4,0,N/A,STIPostImmigrating,0,110,72,0,0,MARITAL,PAUSED,69,0,4
1451,1964.48,341,53.0077,M,3,0,N/A,STIPostImmigrating,0,83,142,0,0,MARITAL,PAUSED,180,3,0
1453,1964.48,211,38.0142,F,2,1,local,STIPreEmigrating,0,109,8,0,0,MARITAL,PAUSED,139,0,2
1453,1964.48,211,38.0142,F,1,0,N/A,STIPostImmigrating,0,109,8,0,0,MARITAL,PAUSED,139,0,1
1457,1964.49,249,39.0314,M,1,4,local,STIPreEmigrating,0,165,46,0,0,INFORMAL,PAUSED,321,1,0
1457,1964.49,249,39.0314,M,4,0,N/A,STIPostImmigrating,0,165,46,0,0,INFORMAL,PAUSED,321,4,0
1462,1964.51,23,54.7681,F,4,2,local,STIPreEmigrating,0,62,181,0,0,MARITAL,NORMAL,232,4,4
1462,1964.51,23,54.7681,F,2,0,N/A,STIPostImmigrating,0,62,181,0,0,MARITAL,PAUSED,232,0,2
1463,1964.51,71,31.507,F,2,3,local,STIPreEmigrating,0,167,15,0,0,TRANSITORY,PAUSED,133,0,2
1463,1964.51,177,42.5452,F,1,4,local,STIPreEmigrating,0,32,153,0,0,MARITAL,PAUSED,281,0,1
1463,1964.51,26,39.9203,F,1,4,local,STIPreEmigrating,0,101,127,0,0,MARITAL,PAUSED,37,0,1
1463,1964.51,26,39.9203,F,4,0,N/A,STIPostImmigrating,0,101,127,0,0,MARITAL,PAUSED,37,0,4
1463,1964.51,177,42.5452,F,4,0,N/A,STIPostImmigrating,0,32,153,0,0,MARITAL,NORMAL,281,4,4
1463,1964.51,71,31.507,F,3,0,N/A,STIPostImmigrating,0,167,15,0,0,TRANSITORY,NORMAL,133,3,3
1465,1964.51,101,35.0953,F,4,1,local,STIPreEmigrating,0,24,191,0,0,MARITAL,NORMAL,49,4,4
1465,1964.51,101,35.0953,F,1,0,N/A,STIPostImmigrating,0,24,191,0,0,MARITAL,PAUSED,49,0,1
1466,1964.52,327,59.6793,M,3,2,local,STIPreEmigrating,0,69,127,0,0,MARITAL,PAUSED,290,3,0
1466,1964.52,327,59.6793,M,2,0,N/A,STIPostImmigrating,0,69,127,0,0,MARITAL,NORMAL,290,2,2
1467,1964.52,284,46.7965,M,1,3,local,STIPreEmigrating,0,65,133,0,0,MARITAL,PAUSED,79,1,0
1467,1964.52,284,46.7965,M,3,0,N/A,STIPostImmigrating,0,65,133,0,0,MARITAL,PAUSED,79,3,0
1468,1964.52,49,57.3921,M,4,2,local,STIPreEmigrating,0,24,191,0,0,MARITAL,PAUSED,101,4,0
1468,1964.52,49,57.3921,M,2,0,N/A,STIPostImmigrating,0,24,191,0,0,MARITAL,PAUSED,101,2,0
1469,1964.52,185,37.5492,F,3,4,local,STIPreEmigrating,0,58,155,0,0,MARITAL,PAUSED,75,0,3
1469,1964.52,32,30.2755,F,3,2,local,STIPreEmigrating,0,124,87,0,0,INFORMAL,PAUSED,3,0,3
1469,1964.52,32,30.2755,F,2,0,N/A,STIPostImmigrating,0,124,87,0,0,INFORMAL,PAUSED,3,0,2
1469,1964.52,185,37.5492,F,4,0,N/A,STIPostImmigrating,0,58,155,0,0,MARITAL,PAUSED,75,0,4
1470,1964.53,121,53.0058,F,2,4,local,STIPreEmigrating,0,76,184,0,0,MARITAL,PAUSED,16,0,2
1470,1964.53,199,52.1849,M,2,3,local,STIPreEmigrating,0,7,163,0,0,MARITAL,PAUSED,67,2,0
1470,1964.53,199,52.1849,M,3,0,N/A,STIPostImmigrating,0,7,163,0,0,MARITAL,PAUSED,67,3,0
1470,1964.53,121,53.0058,F,4,0,N/A,STIPostImmigrating,0,76,184,0,0,MARITAL,NORMAL,16,4,4
1472,1964.53,269,46.2817,F,4,2,local,STIPreEmigrating,0,118,55,0,0,MARITAL,NORMAL,186,4,4
1472,1964.53,290,52.8755,F,2,1,local,STIPreEmigrating,0,69,130,0,0,MARITAL,NORMAL,327,2,2
1472,1964.53,290,52.8755,F,1,0,N/A,STIPostImmigrating,0,69,130,0,0,MARITAL,PAUSED,327,0,1
1472,1964.53,269,46.2817,F,2,0,N/A,STIPostImmigrating,0,118,55,0,0,MARITAL,PAUSED,186,0,2
1473,1964.54,284,46.813,M,3,4,local,STIPreEmigrating,0,65,133,0,0,MARITAL,PAUSED,79,3,0
1473,1964.54,132,30.7566,F,1,3,local,STIPreEmigrating,0,170,19,0,0,INFORMAL,PAUSED,169,0,1
1473,1964.54,132,30.7566,F,3,0,N/A,STIPostImmigrating,0,170,19,0,0,INFORMAL,PAUSED,169,0,3
1473,1964.54,284,46.813,M,4,0,N/A,STIPostImmigrating,0,65,133,0,0,MARITAL,NORMAL,79,4,4
1475,1964.54,244,30.2845,F,3,2,local,STIPreEmigrating,0,40,125,0,0,MARITAL,NORMAL,236,3,3
1475,1964.54,157,36.3559,M,2,4,local,STIPreEmigrating,0,91,139,0,0,INFORMAL,NORMAL,263,2,2
1475,1964.54,157,36.3559,M,4,0,N/A,STIPostImmigrating,0,91,139,0,0,INFORMAL,PAUSED,263,4,0
1475,1964.54,244,30.2845,F,2,0,N/A,STIPostImmigrating,0,40,125,0,0,MARITAL,PAUSED,236,0,2
1476,1964.54,106,33.8011,F,1,2,local,STIPreEmigrating,0,30,205,0,0,MARITAL,NORMAL,98,1,1
1476,1964.54,106,33.8011,F,2,0,N/A,STIPostImmigrating,0,30,205,0,0,MARITAL,PAUSED,98,0,2
1477,1964.55,4,45.8995,F,3,1,local,STIPreEmigrating,0,66,111,0,0,MARITAL,PAUSED,54,0,3
1477,1964.55,4,45.8995,F,1,0,N/A,STIPostImmigrating,0,66,111,0,0,MARITAL,NORMAL,54,1,1
1479,1964.55,313,37.1101,F,4,2,local,STIPreEmigrating,0,110,72,0,0,MARITAL,PAUSED,69,0,4
1479,1964.55,313,37.1101,F,2,0,N/A,STIPostImmigrating,0,110,72,0,0,MARITAL,NORMAL,69,2,2
1480,1964.55,185,37.5793,F,4,2,local,STIPreEmigrating,0,58,155,0,0,MARITAL,PAUSED,75,0,4
1480,1964.55,3,38.1061,M,1,2,local,STIPreEmigrating,0,124,87,0,0,INFORMAL,PAUSED,32,1,0
1480,1964.55,3,38.1061,M,2,0,N/A,STIPostImmigrating,0,124,87,0,0,INFORMAL,NORMAL,32,2,2
1480,1964.55,185,37.5793,F,2,0,N/A,STIPostImmigrating,0,58,155,0,0,MARITAL,NORMAL,75,2,2
1481,1964.56,161,31.6238,M,4,3,local,STIPreEmigrating,0,192,40,0,0,INFORMAL,NORMAL,111,4,4
1481,1964.56,236,39.7233,M,3,1,local,STIPreEmigrating,0,40,125,0,0,MARITAL,PAUSED,244,3,0
1481,1964.56,236,39.7233,M,1,0,N/A,STIPostImmigrating,0,40,125,0,0,MARITAL,PAUSED,244,1,0
1481,1964.56,161,31.6238,M,3,0,N/A,STIPostImmigrating,0,192,40,0,0,INFORMAL,PAUSED,111,3,0
1482,1964.56,290,52.9029,F,1,2,local,STIPreEmigrating,0,69,130,0,0,MARITAL,PAUSED,327,0,1
1482,1964.56,290,52.9029,F,2,0,N/A,STIPostImmigrating,0,69,130,0,0,MARITAL,NORMAL,327,2,2
1483,1964.56,305,34.8138,M,3,4,local,STIPreEmigrating,0,16,99,0,0,MARITAL,PAUSED,73,3,0
1483,1964.56,198,40.1881,M,3,1,local,STIPreEmigrating,0,164,29,0,0,INFORMAL,PAUSED,128,3,0
1483,1964.56,123,37.0804,F,2,3,local,STIPreEmigrating,0,8,140,0,0,MARITAL,PAUSED,235,0,2
1483,1964.56,155,33.3598,F,1,2,local,STIPreEmigrating,0,51,177,0,0,INFORMAL,PAUSED,255,0,1
1483,1964.56,155,33.3598,F,2,0,N/A,STIPostImmigrating,0,51,177,0,0,INFORMAL,PAUSED,255,0,2
1483,1964.56,123,37.0804,F,3,0,N/A,STIPostImmigrating,0,8,140,0,0,MARITAL,NORMAL,235,3,3
1483,1964.56,198,40.1881,M,1,0,N/A,STIPostImmigrating,0,164,29,0,0,INFORMAL,NORMAL,128,1,1
1483,1964.56,305,34.8138,M,4,0,N/A,STIPostImmigrating,0,16,99,0,0,MARITAL,PAUSED,73,4,0
1484,1964.57,313,37.1238,F,2,4,local,STIPreEmigrating,0,110,73,0,0,MARITAL,NORMAL,69,2,2
1484,1964.57,313,37.1238,F,4,0,N/A,STIPostImmigrating,0,110,73,0,0,MARITAL,PAUSED,69,0,4
1485,1964.57,270,33.4601,M,3,1,local,STIPreEmigrating,0,111,98,0,0,TRANSITORY,PAUSED,168,3,0
1485,1964.57,235,53.6198,M,3,2,local,STIPreEmigrating,0,8,140,0,0,MARITAL,NORMAL,123,3,3
1485,1964.57,123,37.0858,F,3,2,local,STIPreEmigrating,0,8,140,0,0,MARITAL,PAUSED,235,3,3
1485,1964.57,240,40.5613,F,2,3,local,STIPreEmigrating,0,49,165,0,0,MARITAL,NORMAL,145,2,2
1485,1964.57,240,40.5613,F,3,0,N/A,STIPostImmigrating,0,49,165,0,0,MARITAL,PAUSED,145,0,3
1485,1964.57,235,53.6198,M,2,0,N/A,STIPostImmigrating,0,8,140,0,0,MARITAL,PAUSED,123,2,0
1485,1964.57,123,37.0858,F,2,0,N/A,STIPostImmigrating,0,8,140,0,0,MARITAL,NORMAL,235,2,2
1485,1964.57,270,33.4601,M,1,0,N/A,STIPostImmigrating,0,111,98,0,0,TRANSITORY,NORMAL,168,1,1
1486,1964.57,23,54.8338,F,2,3,local,STIPreEmigrating,0,62,181,0,0,MARITAL,PAUSED,232,0,2
1486,1964.57,198,40.1963,M,1,4,local,STIPreEmigrating,0,164,29,0,0,INFORMAL,NORMAL,128,1,1
1486,1964.57,198,40.1963,M,4,0,N/A,STIPostImmigrating,0,164,29,0,0,INFORMAL,PAUSED,128,4,0
1486,1964.57,23,54.8338,F,3,0,N/A,STIPostImmigrating,0,62,181,0,0,MARITAL,PAUSED,232,0,3
1487,1964.57,71,31.5728,F,3,2,local,STIPreEmigrating,0,167,18,0,0,TRANSITORY,PAUSED,133,0,3
1487,1964.57,71,31.5728,F,2,0,N/A,STIPostImmigrating,0,167,18,0,0,TRANSITORY,PAUSED,133,0,2
1489,1964.58,8,55.8831,M,1,3,local,STIPreEmigrating,0,71,140,0,0,MARITAL,NORMAL,302,1,1
1489,1964.58,8,55.8831,M,3,0,N/A,STIPostImmigrating,0,71,140,0,0,MARITAL,PAUSED,302,3,0
1490,1964.58,194,49.4112,F,2,1,local,STIPreEmigrating,0,54,164,0,0,MARITAL,PAUSED,337,0,2
1490,1964.58,270,33.4738,M,1,2,local,STIPreEmigrating,0,111,99,0,0,TRANSITORY,NORMAL,168,1,1
1490,1964.58,270,33.4738,M,2,0,N/A,STIPostImmigrating,0,111,99,0,0,TRANSITORY,PAUSED,168,2,0
1490,1964.58,194,49.4112,F,1,0,N/A,STIPostImmigrating,0,54,164,0,0,MARITAL,NORMAL,337,1,1
1491,1964.58,291,40.8706,F,4,2,local,STIPreEmigrating,0,13,81,0,0,MARITAL,PAUSED,103,0,4
1491,1964.58,291,40.8706,F,2,0,N/A,STIPostImmigrating,0,13,81,0,0,MARITAL,PAUSED,103,0,2
1492,1964.59,341,53.1201,M,3,4,local,STIPreEmigrating,0,83,142,0,0,MARITAL,PAUSED,180,3,0
1492,1964.59,341,53.1201,M,4,0,N/A,STIPostImmigrating,0,83,142,0,0,MARITAL,PAUSED,180,4,0
1493,1964.59,281,46.3466,M,4,1,local,STIPreEmigrating,0,32,164,0,0,MARITAL,NORMAL,177,4,4
1493,1964.59,307,33.0984,M,3,2,local,STIPreEmigrating,0,57,132,0,0,MARITAL,PAUSED,200,3,0
1493,1964.59,307,33.0984,M,2,0,N/A,STIPostImmigrating,0,57,132,0,0,MARITAL,PAUSED,200,2,0
1493,1964.59,281,46.3466,M,1,0,N/A,STIPostImmigrating,0,32,164,0,0,MARITAL,PAUSED,177,1,0
1494,1964.59,26,40.0052,F,4,1,local,STIPreEmigrating,0,101,127,0,0,MARITAL,PAUSED,37,0,4
1494,1964.59,26,40.0052,F,1,0,N/A,STIPostImmigrating,0,101,127,0,0,MARITAL,PAUSED,37,0,1
1495,1964.6,249,39.1355,M,4,2,local,STIPreEmigrating,0,165,54,0,0,INFORMAL,NORMAL,321,4,4
1495,1964.6,249,39.1355,M,2,0,N/A,STIPostImmigrating,0,165,54,0,0,INFORMAL,PAUSED,321,2,0
1496,1964.6,328,57.668,M,4,3,local,STIPreEmigrating,0,175,11,0,0,MARITAL,PAUSED,213,4,0
1496,1964.6,328,57.668,M,3,0,N/A,STIPostImmigrating,0,175,11,0,0,MARITAL,PAUSED,213,3,0
1497,1964.6,104,34.9739,M,4,3,local,STIPreEmigrating,0,154,19,0,0,INFORMAL,PAUSED,239,4,0
1497,1964.6,213,51.3646,F,1,4,local,STIPreEmigrating,0,175,11,0,0,MARITAL,PAUSED,328,0,1
1497,1964.6,213,51.3646,F,4,0,N/A,STIPostImmigrating,0,175,11,0,0,MARITAL,PAUSED,328,0,4
1497,1964.6,104,34.9739,M,3,0,N/A,STIPostImmigrating,0,154,19,0,0,INFORMAL,NORMAL,239,3,3
1498,1964.6,327,59.767,M,2,1,local,STIPreEmigrating,0,69,135,0,0,MARITAL,NORMAL,290,2,2
1498,1964.6,327,59.767,M,1,0,N/A,STIPostImmigrating,0,69,135,0,0,MARITAL,PAUSED,290,1,0
1500,1964.61,113,34.2271,M,3,4,local,STIPreEmigrating,0,18,111,0,0,MARITAL,PAUSED,197,3,0
1500,1964.61,286,49.2718,M,1,3,local,STIPreEmigrating,0,159,21,0,0,MARITAL,PAUSED,253,1,0
1500,1964.61,286,49.2718,M,3,0,N/A,STIPostImmigrating,0,159,21,0,0,MARITAL,NORMAL,253,3,3
1500,1964.61,113,34.2271,M,4,0,N/A,STIPostImmigrating,0,18,111,0,0,MARITAL,NORMAL,197,4,4
1501,1964.61,235,53.6636,M,2,1,local,STIPreEmigrating,0,8,142,0,0,MARITAL,NORMAL,123,2,2
1501,1964.61,235,53.6636,M,1,0,N/A,STIPostImmigrating,0,8,142,0,0,MARITAL,PAUSED,123,1,0
1503,1964.62,69,46.0971,M,2,4,local,STIPreEmigrating,0,110,73,0,0,MARITAL,PAUSED,313,2,0
1503,1964.62,69,46.0971,M,4,0,N/A,STIPostImmigrating,0,110,73,0,0,MARITAL,NORMAL,313,4,4
1504,1964.62,103,49.1871,M,3,2,local,STIPreEmigrating,0,13,81,0,0,MARITAL,PAUSED,291,3,0
1504,1964.62,151,34.1203,F,2,1,local,STIPreEmigrating,0,134,100,0,0,INFORMAL,PAUSED,17,0,2
1504,1964.62,151,34.1203,F,1,0,N/A,STIPostImmigrating,0,134,100,0,0,INFORMAL,NORMAL,17,1,1
1504,1964.62,103,49.1871,M,2,0,N/A,STIPostImmigrating,0,13,81,0,0,MARITAL,NORMAL,291,2,2
1506,1964.63,305,34.8768,M,4,3,local,STIPreEmigrating,0,16,99,0,0,MARITAL,PAUSED,73,4,0
1506,1964.63,305,34.8768,M,3,0,N/A,STIPostImmigrating,0,16,99,0,0,MARITAL,PAUSED,73,3,0
1507,1964.63,139,42.2916,M,4,2,local,STIPreEmigrating,0,109,8,0,0,MARITAL,PAUSED,211,4,0
1507,1964.63,270,33.5204,M,2,1,local,STIPreEmigrating,0,111,99,0,0,TRANSITORY,PAUSED,168,2,0
1507,1964.63,270,33.5204,M,1,0,N/A,STIPostImmigrating,0,111,99,0,0,TRANSITORY,PAUSED,168,1,0
1507,1964.63,139,42.2916,M,2,0,N/A,STIPostImmigrating,0,109,8,0,0,MARITAL,PAUSED,211,2,0
1508,1964.63,132,30.8525,F,3,1,local,STIPreEmigrating,0,170,19,0,0,INFORMAL,PAUSED,169,0,3
1508,1964.63,4,45.9845,F,1,3,local,STIPreEmigrating,0,66,119,0,0,MARITAL,NORMAL,54,1,1
1508,1964.63,4,45.9845,F,3,0,N/A,STIPostImmigrating,0,66,119,0,0,MARITAL,PAUSED,54,0,3
1508,1964.63,132,30.8525,F,1,0,N/A,STIPostImmigrating,0,170,19,0,0,INFORMAL,PAUSED,169,0,1
1509,1964.63,199,52.2917,M,3,2,local,STIPreEmigrating,0,7,163,0,0,MARITAL,PAUSED,67,3,0
1509,1964.63,286,49.2965,M,3,1,local,STIPreEmigrating,0,159,24,0,0,MARITAL,NORMAL,253,3,3
1509,1964.63,202,41.286,M,1,2,local,STIPreEmigrating,0,158,29,0,0,MARITAL,PAUSED,118,1,0
1509,1964.63,202,41.286,M,2,0,N/A,STIPostImmigrating,0,158,29,0,0,MARITAL,PAUSED,118,2,0
1509,1964.63,286,49.2965,M,1,0,N/A,STIPostImmigrating,0,159,24,0,0,MARITAL,PAUSED,253,1,0
1509,1964.63,199,52.2917,M,2,0,N/A,STIPostImmigrating,0,7,163,0,0,MARITAL,PAUSED,67,2,0
1510,1964.64,186,47.0787,M,4,1,local,STIPreEmigrating,0,118,55,0,0,MARITAL,PAUSED,269,4,0
1510,1964.64,155,33.4338,F,2,3,local,STIPreEmigrating,0,51,177,0,0,INFORMAL,PAUSED,255,0,2
1510,1964.64,155,33.4338,F,3,0,N/A,STIPostImmigrating,0,51,177,0,0,INFORMAL,NORMAL,255,3,3
1510,1964.64,186,47.0787,M,1,0,N/A,STIPostImmigrating,0,118,55,0,0,MARITAL,PAUSED,269,1,0
1512,1964.64,302,41.3223,F,1,3,local,STIPreEmigrating,0,71,140,0,0,MARITAL,PAUSED,8,0,1
1512,1964.64,219,34.1379,M,1,2,local,STIPreEmigrating,0,185,24,0,0,INFORMAL,PAUSED,31,1,0
1512,1964.64,219,34.1379,M,2,0,N/A,STIPostImmigrating,0,185,24,0,0,INFORMAL,PAUSED,31,2,0
1512,1964.64,302,41.3223,F,3,0,N/A,STIPostImmigrating,0,71,140,0,0,MARITAL,NORMAL,8,3,3
1514,1964.65,186,47.0897,M,1,4,local,STIPreEmigrating,0,118,55,0,0,MARITAL,PAUSED,269,1,0
1514,1964.65,186,47.0897,M,4,0,N/A,STIPostImmigrating,0,118,55,0,0,MARITAL,PAUSED,269,4,0
1516,1964.65,328,57.7228,M,3,2,local,STIPreEmigrating,0,175,11,0,0,MARITAL,PAUSED,213,3,0
1516,1964.65,328,57.7228,M,2,0,N/A,STIPostImmigrating,0,175,11,0,0,MARITAL,PAUSED,213,2,0
1517,1964.66,121,53.1345,F,4,2,local,STIPreEmigrating,0,76,199,0,0,MARITAL,PAUSED,16,0,4
1517,1964.66,4,46.0091,F,3,2,local,STIPreEmigrating,0,66,119,0,0,MARITAL,PAUSED,54,0,3
1517,1964.66,4,46.0091,F,2,0,N/A,STIPostImmigrating,0,66,119,0,0,MARITAL,PAUSED,54,0,2
1517,1964.66,121,53.1345,F,2,0,N/A,STIPostImmigrating,0,76,199,0,0,MARITAL,PAUSED,16,0,2
1518,1964.66,69,46.1382,M,4,1,local,STIPreEmigrating,0,110,78,0,0,MARITAL,NORMAL,313,4,4
1518,1964.66,139,42.3217,M,2,1,local,STIPreEmigrating,0,109,8,0,0,MARITAL,PAUSED,211,2,0
1518,1964.66,194,49.4879,F,1,2,local,STIPreEmigrating,0,54,175,0,0,MARITAL,NORMAL,337,1,1
1518,1964.66,194,49.4879,F,2,0,N/A,STIPostImmigrating,0,54,175,0,0,MARITAL,PAUSED,337,0,2
1518,1964.66,139,42.3217,M,1,0,N/A,STIPostImmigrating,0,109,8,0,0,MARITAL,NORMAL,211,1,1
1518,1964.66,69,46.1382,M,1,0,N/A,STIPostImmigrating,0,110,78,0,0,MARITAL,PAUSED,313,1,0
1522,1964.67,142,37.1664,F,1,4,local,STIPreEmigrating,0,46,117,0,0,MARITAL,PAUSED,206,0,1
1522,1964.67,142,37.1664,F,4,0,N/A,STIPostImmigrating,0,46,117,0,0,MARITAL,PAUSED,206,0,4
1523,1964.67,341,53.205,M,4,1,local,STIPreEmigrating,0,83,142,0,0,MARITAL,PAUSED,180,4,0
1523,1964.67,193,45.2405,M,1,4,local,STIPreEmigrating,0,50,63,0,0,MARITAL,PAUSED,53,1,0
1523,1964.67,193,45.2405,M,4,0,N/A,STIPostImmigrating,0,50,63,0,0,MARITAL,PAUSED,53,4,0
1523,1964.67,341,53.205,M,1,0,N/A,STIPostImmigrating,0,83,142,0,0,MARITAL,PAUSED,180,1,0
1525,1964.68,52,38.8564,F,2,3,local,STIPreEmigrating,0,28,137,0,0,MARITAL,PAUSED,120,0,2
1525,1964.68,52,38.8564,F,3,0,N/A,STIPostImmigrating,0,28,137,0,0,MARITAL,PAUSED,120,0,3
1527,1964.68,142,37.1801,F,4,1,local,STIPreEmigrating,0,46,117,0,0,MARITAL,PAUSED,206,0,4
1527,1964.68,142,37.1801,F,1,0,N/A,STIPostImmigrating,0,46,117,0,0,MARITAL,PAUSED,206,0,1
1528,1964.69,113,34.3038,M,4,3,local,STIPreEmigrating,0,18,122,0,0,MARITAL,NORMAL,197,4,4
1528,1964.69,161,31.7526,M,3,4,local,STIPreEmigrating,0,192,40,0,0,INFORMAL,PAUSED,111,3,0
1528,1964.69,161,31.7526,M,4,0,N/A,STIPostImmigrating,0,192,40,0,0,INFORMAL,NORMAL,111,4,4
1528,1964.69,113,34.3038,M,3,0,N/A,STIPostImmigrating,0,18,122,0,0,MARITAL,PAUSED,197,3,0
1530,1964.69,197,35.8857,F,4,1,local,STIPreEmigrating,0,18,122,0,0,MARITAL,PAUSED,113,0,4
1530,1964.69,101,35.2733,F,1,4,local,STIPreEmigrating,0,24,191,0,0,MARITAL,PAUSED,49,0,1
1530,1964.69,101,35.2733,F,4,0,N/A,STIPostImmigrating,0,24,191,0,0,MARITAL,PAUSED,49,0,4
1530,1964.69,197,35.8857,F,1,0,N/A,STIPostImmigrating,0,18,122,0,0,MARITAL,PAUSED,113,0,1
1531,1964.69,232,58.3488,M,4,3,local,STIPreEmigrating,0,62,181,0,0,MARITAL,PAUSED,23,4,0
1531,1964.69,232,58.3488,M,3,0,N/A,STIPostImmigrating,0,62,181,0,0,MARITAL,NORMAL,23,3,3
1532,1964.7,45,33.3157,F,3,4,local,STIPreEmigrating,0,64,79,0,0,MARITAL,PAUSED,55,0,3
1532,1964.7,290,53.0399,F,2,1,local,STIPreEmigrating,0,69,135,0,0,MARITAL,PAUSED,327,0,2
1532,1964.7,290,53.0399,F,1,0,N/A,STIPostImmigrating,0,69,135,0,0,MARITAL,NORMAL,327,1,1
1532,1964.7,45,33.3157,F,4,0,N/A,STIPostImmigrating,0,64,79,0,0,MARITAL,PAUSED,55,0,4
1535,1964.71,142,37.202,F,1,3,local,STIPreEmigrating,0,46,117,0,0,MARITAL,PAUSED,206,0,1
1535,1964.71,54,47.0642,M,1,4,local,STIPreEmigrating,0,66,119,0,0,MARITAL,PAUSED,4,1,0
1535,1964.71,54,47.0642,M,4,0,N/A,STIPostImmigrating,0,66,119,0,0,MARITAL,PAUSED,4,4,0
1535,1964.71,142,37.202,F,3,0,N/A,STIPostImmigrating,0,46,117,0,0,MARITAL,PAUSED,206,0,3
1536,1964.71,8,56.0119,M,3,4,local,STIPreEmigrating,0,71,150,0,0,MARITAL,NORMAL,302,3,3
1536,1964.71,8,56.0119,M,4,0,N/A,STIPostImmigrating,0,71,150,0,0,MARITAL,PAUSED,302,4,0
1537,1964.71,232,58.3652,M,3,1,local,STIPreEmigrating,0,62,184,0,0,MARITAL,NORMAL,23,3,3
1537,1964.71,232,58.3652,M,1,0,N/A,STIPostImmigrating,0,62,184,0,0,MARITAL,PAUSED,23,1,0
1538,1964.71,70,41.0527,M,4,1,local,STIPreEmigrating,0,205,14,0,0,TRANSITORY,NORMAL,122,4,4
1538,1964.71,37,39.7704,M,3,4,local,STIPreEmigrating,0,101,127,0,0,MARITAL,PAUSED,26,3,0
1538,1964.71,240,40.7065,F,3,4,local,STIPreEmigrating,0,49,165,0,0,MARITAL,PAUSED,145,0,3
1538,1964.71,240,40.7065,F,4,0,N/A,STIPostImmigrating,0,49,165,0,0,MARITAL,PAUSED,145,0,4
1538,1964.71,37,39.7704,M,4,0,N/A,STIPostImmigrating,0,101,127,0,0,MARITAL,PAUSED,26,4,0
1538,1964.71,70,41.0527,M,1,0,N/A,STIPostImmigrating,0,205,14,0,0,TRANSITORY,PAUSED,122,1,0
1540,1964.72,206,43.528,M,2,1,local,STIPreEmigrating,0,46,117,0,0,MARITAL,PAUSED,142,2,0
1540,1964.72,206,43.528,M,1,0,N/A,STIPostImmigrating,0,46,117,0,0,MARITAL,PAUSED,142,1,0
1545,1964.73,291,41.0186,F,2,3,local,STIPreEmigrating,0,13,93,0,0,MARITAL,NORMAL,103,2,2
1545,1964.73,291,41.0186,F,3,0,N/A,STIPostImmigrating,0,13,93,0,0,MARITAL,PAUSED,103,0,3
1547,1964.74,3,38.2896,M,2,1,local,STIPreEmigrating,0,124,118,0,0,INFORMAL,NORMAL,32,2,2
1547,1964.74,29,30.0602,M,1,4,local,STIPreEmigrating,0,140,79,0,0,INFORMAL,PAUSED,208,1,0
1547,1964.74,29,30.0602,M,4,0,N/A,STIPostImmigrating,0,140,79,0,0,INFORMAL,NORMAL,208,4,4
1547,1964.74,3,38.2896,M,1,0,N/A,STIPostImmigrating,0,124,118,0,0,INFORMAL,PAUSED,32,1,0
1548,1964.74,336,56.5668,F,4,3,local,STIPreEmigrating,0,70,57,0,0,MARITAL,NORMAL,149,4,4
1548,1964.74,336,56.5668,F,3,0,N/A,STIPostImmigrating,0,70,57,0,0,MARITAL,PAUSED,149,0,3
1549,1964.74,37,39.8005,M,4,3,local,STIPreEmigrating,0,101,127,0,0,MARITAL,PAUSED,26,4,0
1549,1964.74,55,45.2877,M,2,3,local,STIPreEmigrating,0,64,79,0,0,MARITAL,PAUSED,45,2,0
1549,1964.74,55,45.2877,M,3,0,N/A,STIPostImmigrating,0,64,79,0,0,MARITAL,PAUSED,45,3,0
1549,1964.74,37,39.8005,M,3,0,N/A,STIPostImmigrating,0,101,127,0,0,MARITAL,PAUSED,26,3,0
1552,1964.75,108,31.0018,M,3,4,local,STIPreEmigrating,0,56,180,0,0,MARITAL,PAUSED,159,3,0
1552,1964.75,108,31.0018,M,4,0,N/A,STIPostImmigrating,0,56,180,0,0,MARITAL,NORMAL,159,4,4
1554,1964.76,253,46.2404,F,3,4,local,STIPreEmigrating,0,159,24,0,0,MARITAL,PAUSED,286,0,3
1554,1964.76,336,56.5833,F,3,4,local,STIPreEmigrating,0,70,57,0,0,MARITAL,PAUSED,149,0,3
1554,1964.76,244,30.5009,F,2,3,local,STIPreEmigrating,0,40,125,0,0,MARITAL,PAUSED,236,0,2
1554,1964.76,106,34.0148,F,2,1,local,STIPreEmigrating,0,30,205,0,0,MARITAL,PAUSED,98,0,2
1554,1964.76,106,34.0148,F,1,0,N/A,STIPostImmigrating,0,30,205,0,0,MARITAL,NORMAL,98,1,1
1554,1964.76,244,30.5009,F,3,0,N/A,STIPostImmigrating,0,40,125,0,0,MARITAL,PAUSED,236,0,3
1554,1964.76,336,56.5833,F,4,0,N/A,STIPostImmigrating,0,70,57,0,0,MARITAL,NORMAL,149,4,4
1554,1964.76,253,46.2404,F,4,0,N/A,STIPostImmigrating,0,159,24,0,0,MARITAL,PAUSED,286,0,4
1556,1964.76,186,47.2047,M,4,1,local,STIPreEmigrating,0,118,55,0,0,MARITAL,PAUSED,269,4,0
1556,1964.76,186,47.2047,M,1,0,N/A,STIPostImmigrating,0,118,55,0,0,MARITAL,PAUSED,269,1,0
1557,1964.77,198,40.3908,M,4,1,local,STIPreEmigrating,0,164,29,0,0,INFORMAL,PAUSED,128,4,0
1557,1964.77,198,40.3908,M,1,0,N/A,STIPostImmigrating,0,164,29,0,0,INFORMAL,NORMAL,128,1,1
1558,1964.77,103,49.335,M,2,1,local,STIPreEmigrating,0,13,93,0,0,MARITAL,PAUSED,291,2,0
1558,1964.77,197,35.9624,F,1,4,local,STIPreEmigrating,0,18,122,0,0,MARITAL,PAUSED,113,0,1
1558,1964.77,197,35.9624,F,4,0,N/A,STIPostImmigrating,0,18,122,0,0,MARITAL,PAUSED,113,0,4
1558,1964.77,103,49.335,M,1,0,N/A,STIPostImmigrating,0,13,93,0,0,MARITAL,PAUSED,291,1,0
1559,1964.77,54,47.1299,M,4,1,local,STIPreEmigrating,0,66,119,0,0,MARITAL,PAUSED,4,4,0
1559,1964.77,54,47.1299,M,1,0,N/A,STIPostImmigrating,0,66,119,0,0,MARITAL,PAUSED,4,1,0
1560,1964.77,37,39.8307,M,3,4,local,STIPreEmigrating,0,101,127,0,0,MARITAL,PAUSED,26,3,0
1560,1964.77,37,39.8307,M,4,0,N/A,STIPostImmigrating,0,101,127,0,0,MARITAL,PAUSED,26,4,0
1561,1964.78,185,37.8013,F,2,4,local,STIPreEmigrating,0,58,192,0,0,MARITAL,NORMAL,75,2,2
1561,1964.78,185,37.8013,F,4,0,N/A,STIPostImmigrating,0,58,192,0,0,MARITAL,PAUSED,75,0,4
1562,1964.78,197,35.9734,F,4,1,local,STIPreEmigrating,0,18,122,0,0,MARITAL,PAUSED,113,0,4
1562,1964.78,185,37.804,F,4,3,local,STIPreEmigrating,0,58,192,0,0,MARITAL,PAUSED,75,0,4
1562,1964.78,106,34.0367,F,1,3,local,STIPreEmigrating,0,30,210,0,0,MARITAL,NORMAL,98,1,1
1562,1964.78,106,34.0367,F,3,0,N/A,STIPostImmigrating,0,30,210,0,0,MARITAL,PAUSED,98,0,3
1562,1964.78,185,37.804,F,3,0,N/A,STIPostImmigrating,0,58,192,0,0,MARITAL,PAUSED,75,0,3
1562,1964.78,197,35.9734,F,1,0,N/A,STIPostImmigrating,0,18,122,0,0,MARITAL,PAUSED,113,0,1
1563,1964.78,37,39.8389,M,4,1,local,STIPreEmigrating,0,101,127,0,0,MARITAL,PAUSED,26,4,0
1563,1964.78,29,30.1041,M,4,1,local,STIPreEmigrating,0,140,85,0,0,INFORMAL,NORMAL,208,4,4
1563,1964.78,145,44.6263,M,2,4,local,STIPreEmigrating,0,49,165,0,0,MARITAL,PAUSED,240,2,0
1563,1964.78,197,35.9761,F,1,4,local,STIPreEmigrating,0,18,122,0,0,MARITAL,PAUSED,113,0,1
1563,1964.78,197,35.9761,F,4,0,N/A,STIPostImmigrating,0,18,122,0,0,MARITAL,PAUSED,113,0,4
1563,1964.78,145,44.6263,M,4,0,N/A,STIPostImmigrating,0,49,165,0,0,MARITAL,NORMAL,240,4,4
1563,1964.78,29,30.1041,M,1,0,N/A,STIPostImmigrating,0,140,85,0,0,INFORMAL,PAUSED,208,1,0
1563,1964.78,37,39.8389,M,1,0,N/A,STIPostImmigrating,0,101,127,0,0,MARITAL,NORMAL,26,1,1
1564,1964.78,253,46.2678,F,4,2,local,STIPreEmigrating,0,159,24,0,0,MARITAL,PAUSED,286,0,4
1564,1964.78,123,37.3023,F,2,1,local,STIPreEmigrating,0,8,142,0,0,MARITAL,PAUSED,235,0,2
1564,1964.78,186,47.2266,M,1,2,local,STIPreEmigrating,0,118,55,0,0,MARITAL,PAUSED,269,1,0
1564,1964.78,186,47.2266,M,2,0,N/A,STIPostImmigrating,0,118,55,0,0,MARITAL,NORMAL,269,2,2
1564,1964.78,123,37.3023,F,1,0,N/A,STIPostImmigrating,0,8,142,0,0,MARITAL,NORMAL,235,1,1
1564,1964.78,253,46.2678,F,2,0,N/A,STIPostImmigrating,0,159,24,0,0,MARITAL,PAUSED,286,0,2
1565,1964.79,108,31.0375,M,4,3,local,STIPreEmigrating,0,56,183,0,0,MARITAL,NORMAL,159,4,4
1565,1964.79,313,37.3457,F,4,3,local,STIPreEmigrating,0,110,78,0,0,MARITAL,PAUSED,69,0,4
1565,1964.79,313,37.3457,F,3,0,N/A,STIPostImmigrating,0,110,78,0,0,MARITAL,PAUSED,69,0,3
1565,1964.79,108,31.0375,M,3,0,N/A,STIPostImmigrating,0,56,183,0,0,MARITAL,PAUSED,159,3,0
1567,1964.79,121,53.2715,F,2,4,local,STIPreEmigrating,0,76,199,0,0,MARITAL,PAUSED,16,0,2
1567,1964.79,121,53.2715,F,4,0,N/A,STIPostImmigrating,0,76,199,0,0,MARITAL,PAUSED,16,0,4
1570,1964.8,68,45.8273,M,4,3,local,STIPreEmigrating,0,48,128,0,0,MARITAL,PAUSED,60,4,0
1570,1964.8,290,53.144,F,1,2,local,STIPreEmigrating,0,69,148,0,0,MARITAL,NORMAL,327,1,1
1570,1964.8,290,53.144,F,2,0,N/A,STIPostImmigrating,0,69,148,0,0,MARITAL,PAUSED,327,0,2
1570,1964.8,68,45.8273,M,3,0,N/A,STIPostImmigrating,0,48,128,0,0,MARITAL,NORMAL,60,3,3
1572,1964.81,206,43.6157,M,1,2,local,STIPreEmigrating,0,46,117,0,0,MARITAL,PAUSED,142,1,0
1572,1964.81,206,43.6157,M,2,0,N/A,STIPostImmigrating,0,46,117,0,0,MARITAL,PAUSED,142,2,0
1573,1964.81,32,30.5604,F,2,3,local,STIPreEmigrating,0,124,118,0,0,INFORMAL,PAUSED,3,0,2
1573,1964.81,32,30.5604,F,3,0,N/A,STIPostImmigrating,0,124,118,0,0,INFORMAL,PAUSED,3,0,3
1574,1964.81,121,53.2907,F,4,3,local,STIPreEmigrating,0,76,199,0,0,MARITAL,PAUSED,16,0,4
1574,1964.81,121,53.2907,F,3,0,N/A,STIPostImmigrating,0,76,199,0,0,MARITAL,PAUSED,16,0,3
1575,1964.82,244,30.5585,F,3,1,local,STIPreEmigrating,0,40,125,0,0,MARITAL,PAUSED,236,0,3
1575,1964.82,17,30.588,M,1,4,local,STIPreEmigrating,0,215,1,0,0,TRANSITORY,NORMAL,27,1,1
1575,1964.82,17,30.588,M,4,0,N/A,STIPostImmigrating,0,215,1,0,0,TRANSITORY,PAUSED,27,4,0
1575,1964.82,244,30.5585,F,1,0,N/A,STIPostImmigrating,0,40,125,0,0,MARITAL,NORMAL,236,1,1
1577,1964.82,104,35.1931,M,3,4,local,STIPreEmigrating,0,154,54,0,0,INFORMAL,NORMAL,239,3,3
1577,1964.82,272,30.4961,M,3,4,local,STIPreEmigrating,0,208,13,0,0,INFORMAL,NORMAL,117,3,3
1577,1964.82,272,30.4961,M,4,0,N/A,STIPostImmigrating,0,208,13,0,0,INFORMAL,PAUSED,117,4,0
1577,1964.82,104,35.1931,M,4,0,N/A,STIPostImmigrating,0,154,54,0,0,INFORMAL,PAUSED,239,4,0
1579,1964.83,52,39.0044,F,3,2,local,STIPreEmigrating,0,28,137,0,0,MARITAL,PAUSED,120,0,3
1579,1964.83,52,39.0044,F,2,0,N/A,STIPostImmigrating,0,28,137,0,0,MARITAL,PAUSED,120,0,2
1580,1964.83,197,36.0227,F,4,2,local,STIPreEmigrating,0,18,122,0,0,MARITAL,PAUSED,113,0,4
1580,1964.83,211,38.3621,F,1,2,local,STIPreEmigrating,0,109,27,0,0,MARITAL,NORMAL,139,1,1
1580,1964.83,211,38.3621,F,2,0,N/A,STIPostImmigrating,0,109,27,0,0,MARITAL,PAUSED,139,0,2
1580,1964.83,197,36.0227,F,2,0,N/A,STIPostImmigrating,0,18,122,0,0,MARITAL,PAUSED,113,0,2
1581,1964.83,232,58.4858,M,1,3,local,STIPreEmigrating,0,62,184,0,0,MARITAL,PAUSED,23,1,0
1581,1964.83,232,58.4858,M,3,0,N/A,STIPostImmigrating,0,62,184,0,0,MARITAL,NORMAL,23,3,3
1582,1964.83,17,30.6072,M,4,2,local,STIPreEmigrating,0,215,1,0,0,TRANSITORY,PAUSED,27,4,0
1582,1964.83,54,47.1929,M,1,2,local,STIPreEmigrating,0,66,119,0,0,MARITAL,PAUSED,4,1,0
1582,1964.83,54,47.1929,M,2,0,N/A,STIPostImmigrating,0,66,119,0,0,MARITAL,NORMAL,4,2,2
1582,1964.83,17,30.6072,M,2,0,N/A,STIPostImmigrating,0,215,1,0,0,TRANSITORY,PAUSED,27,2,0
1583,1964.84,118,35.5921,F,3,1,local,STIPreEmigrating,0,158,29,0,0,MARITAL,PAUSED,202,0,3
1583,1964.84,327,59.9999,M,1,2,local,STIPreEmigrating,0,69,148,0,0,MARITAL,PAUSED,290,1,0
1583,1964.84,327,59.9999,M,2,0,N/A,STIPostImmigrating,0,69,148,0,0,MARITAL,NORMAL,290,2,2
1583,1964.84,118,35.5921,F,1,0,N/A,STIPostImmigrating,0,158,29,0,0,MARITAL,PAUSED,202,0,1
1584,1964.84,54,47.1984,M,2,1,local,STIPreEmigrating,0,66,119,0,0,MARITAL,NORMAL,4,2,2
1584,1964.84,69,46.3191,M,1,4,local,STIPreEmigrating,0,110,78,0,0,MARITAL,PAUSED,313,1,0
1584,1964.84,69,46.3191,M,4,0,N/A,STIPostImmigrating,0,110,78,0,0,MARITAL,PAUSED,313,4,0
1584,1964.84,54,47.1984,M,1,0,N/A,STIPostImmigrating,0,66,119,0,0,MARITAL,PAUSED,4,1,0
1585,1964.84,145,44.6865,M,4,2,local,STIPreEmigrating,0,49,171,0,0,MARITAL,NORMAL,240,4,4
1585,1964.84,40,30.858,F,3,2,local,STIPreEmigrating,0,206,19,0,0,MARITAL,NORMAL,96,3,3
1585,1964.84,40,30.858,F,2,0,N/A,STIPostImmigrating,0,206,19,0,0,MARITAL,PAUSED,96,0,2
1585,1964.84,145,44.6865,M,2,0,N/A,STIPostImmigrating,0,49,171,0,0,MARITAL,PAUSED,240,2,0
1586,1964.85,75,46.7162,M,2,1,local,STIPreEmigrating,0,58,192,0,0,MARITAL,PAUSED,185,2,0
1586,1964.85,211,38.3786,F,2,4,local,STIPreEmigrating,0,109,27,0,0,MARITAL,PAUSED,139,0,2
1586,1964.85,211,38.3786,F,4,0,N/A,STIPostImmigrating,0,109,27,0,0,MARITAL,PAUSED,139,0,4
1586,1964.85,75,46.7162,M,1,0,N/A,STIPostImmigrating,0,58,192,0,0,MARITAL,PAUSED,185,1,0
1588,1964.85,54,47.2094,M,1,4,local,STIPreEmigrating,0,66,119,0,0,MARITAL,PAUSED,4,1,0
1588,1964.85,54,47.2094,M,4,0,N/A,STIPostImmigrating,0,66,119,0,0,MARITAL,PAUSED,4,4,0
1589,1964.85,120,36.0573,M,4,3,local,STIPreEmigrating,0,28,137,0,0,MARITAL,PAUSED,52,4,0
1589,1964.85,120,36.0573,M,3,0,N/A,STIPostImmigrating,0,28,137,0,0,MARITAL,PAUSED,52,3,0
1590,1964.86,313,37.4142,F,3,4,local,STIPreEmigrating,0,110,78,0,0,MARITAL,PAUSED,69,0,3
1590,1964.86,270,33.7477,M,1,4,local,STIPreEmigrating,0,111,99,0,0,TRANSITORY,PAUSED,168,1,0
1590,1964.86,70,41.1951,M,1,2,local,STIPreEmigrating,0,205,14,0,0,TRANSITORY,PAUSED,122,1,0
1590,1964.86,70,41.1951,M,2,0,N/A,STIPostImmigrating,0,205,14,0,0,TRANSITORY,PAUSED,122,2,0
1590,1964.86,270,33.7477,M,4,0,N/A,STIPostImmigrating,0,111,99,0,0,TRANSITORY,PAUSED,168,4,0
1590,1964.86,313,37.4142,F,4,0,N/A,STIPostImmigrating,0,110,78,0,0,MARITAL,NORMAL,69,4,4
1591,1964.86,79,41.477,F,4,2,local,STIPreEmigrating,0,65,168,0,0,MARITAL,NORMAL,284,4,4
1591,1964.86,313,37.417,F,4,3,local,STIPreEmigrating,0,110,79,0,0,MARITAL,NORMAL,69,4,4
1591,1964.86,52,39.0373,F,2,3,local,STIPreEmigrating,0,28,137,0,0,MARITAL,PAUSED,120,0,2
1591,1964.86,37,39.9156,M,1,4,local,STIPreEmigrating,0,101,140,0,0,MARITAL,NORMAL,26,1,1
1591,1964.86,37,39.9156,M,4,0,N/A,STIPostImmigrating,0,101,140,0,0,MARITAL,PAUSED,26,4,0
1591,1964.86,52,39.0373,F,3,0,N/A,STIPostImmigrating,0,28,137,0,0,MARITAL,NORMAL,120,3,3
1591,1964.86,79,41.477,F,2,0,N/A,STIPostImmigrating,0,65,168,0,0,MARITAL,PAUSED,284,0,2
1591,1964.86,313,37.417,F,3,0,N/A,STIPostImmigrating,0,110,79,0,0,MARITAL,PAUSED,69,0,3
1592,1964.86,26,40.2737,F,1,4,local,STIPreEmigrating,0,101,140,0,0,MARITAL,PAUSED,37,0,1
1592,1964.86,26,40.2737,F,4,0,N/A,STIPostImmigrating,0,101,140,0,0,MARITAL,NORMAL,37,4,4
1593,1964.86,122,36.3395,F,4,1,local,STIPreEmigrating,0,205,14,0,0,TRANSITORY,PAUSED,70,0,4
1593,1964.86,336,56.6901,F,4,3,local,STIPreEmigrating,0,70,71,0,0,MARITAL,NORMAL,149,4,4
1593,1964.86,313,37.4225,F,3,4,local,STIPreEmigrating,0,110,79,0,0,MARITAL,PAUSED,69,0,3
1593,1964.86,313,37.4225,F,4,0,N/A,STIPostImmigrating,0,110,79,0,0,MARITAL,NORMAL,69,4,4
1593,1964.86,336,56.6901,F,3,0,N/A,STIPostImmigrating,0,70,71,0,0,MARITAL,PAUSED,149,0,3
1593,1964.86,122,36.3395,F,1,0,N/A,STIPostImmigrating,0,205,14,0,0,TRANSITORY,PAUSED,70,0,1
1594,1964.87,211,38.4005,F,4,2,local,STIPreEmigrating,0,109,27,0,0,MARITAL,PAUSED,139,0,4
1594,1964.87,122,36.3422,F,1,2,local,STIPreEmigrating,0,205,14,0,0,TRANSITORY,PAUSED,70,0,1
1594,1964.87,122,36.3422,F,2,0,N/A,STIPostImmigrating,0,205,14,0,0,TRANSITORY,NORMAL,70,2,2
1594,1964.87,211,38.4005,F,2,0,N/A,STIPostImmigrating,0,109,27,0,0,MARITAL,PAUSED,139,0,2
1596,1964.87,69,46.3519,M,4,3,local,STIPreEmigrating,0,110,80,0,0,MARITAL,NORMAL,313,4,4
1596,1964.87,69,46.3519,M,3,0,N/A,STIPostImmigrating,0,110,80,0,0,MARITAL,PAUSED,313,3,0
1598,1964.88,269,46.6269,F,2,4,local,STIPreEmigrating,0,118,67,0,0,MARITAL,NORMAL,186,2,2
1598,1964.88,198,40.5031,M,1,3,local,STIPreEmigrating,0,164,45,0,0,INFORMAL,NORMAL,128,1,1
1598,1964.88,198,40.5031,M,3,0,N/A,STIPostImmigrating,0,164,45,0,0,INFORMAL,PAUSED,128,3,0
1598,1964.88,269,46.6269,F,4,0,N/A,STIPostImmigrating,0,118,67,0,0,MARITAL,PAUSED,186,0,4
1600,1964.88,189,33.8751,F,4,2,local,STIPreEmigrating,0,125,90,0,0,MARITAL,NORMAL,99,4,4
1600,1964.88,26,40.2956,F,4,1,local,STIPreEmigrating,0,101,142,0,0,MARITAL,NORMAL,37,4,4
1600,1964.88,26,40.2956,F,1,0,N/A,STIPostImmigrating,0,101,142,0,0,MARITAL,PAUSED,37,0,1
1600,1964.88,189,33.8751,F,2,0,N/A,STIPostImmigrating,0,125,90,0,0,MARITAL,PAUSED,99,0,2
1601,1964.89,70,41.2253,M,2,1,local,STIPreEmigrating,0,205,14,0,0,TRANSITORY,NORMAL,122,2,2
1601,1964.89,26,40.2984,F,1,4,local,STIPreEmigrating,0,101,142,0,0,MARITAL,PAUSED,37,0,1
1601,1964.89,26,40.2984,F,4,0,N/A,STIPostImmigrating,0,101,142,0,0,MARITAL,NORMAL,37,4,4
1601,1964.89,70,41.2253,M,1,0,N/A,STIPostImmigrating,0,205,14,0,0,TRANSITORY,PAUSED,122,1,0
1603,1964.89,302,41.5716,F,3,1,local,STIPreEmigrating,0,71,150,0,0,MARITAL,PAUSED,8,0,3
1603,1964.89,211,38.4251,F,2,1,local,STIPreEmigrating,0,109,27,0,0,MARITAL,PAUSED,139,0,2
1603,1964.89,211,38.4251,F,1,0,N/A,STIPostImmigrating,0,109,27,0,0,MARITAL,NORMAL,139,1,1
1603,1964.89,302,41.5716,F,1,0,N/A,STIPostImmigrating,0,71,150,0,0,MARITAL,PAUSED,8,0,1
1604,1964.89,52,39.0729,F,3,4,local,STIPreEmigrating,0,28,140,0,0,MARITAL,NORMAL,120,3,3
1604,1964.89,52,39.0729,F,4,0,N/A,STIPostImmigrating,0,28,140,0,0,MARITAL,PAUSED,120,0,4
1605,1964.9,199,52.5547,M,2,4,local,STIPreEmigrating,0,7,163,0,0,MARITAL,PAUSED,67,2,0
1605,1964.9,199,52.5547,M,4,0,N/A,STIPostImmigrating,0,7,163,0,0,MARITAL,NORMAL,67,4,4
1606,1964.9,79,41.5181,F,2,3,local,STIPreEmigrating,0,65,168,0,0,MARITAL,PAUSED,284,0,2
1606,1964.9,79,41.5181,F,3,0,N/A,STIPostImmigrating,0,65,168,0,0,MARITAL,PAUSED,284,0,3
1607,1964.9,75,46.7737,M,1,2,local,STIPreEmigrating,0,58,192,0,0,MARITAL,PAUSED,185,1,0
1607,1964.9,75,46.7737,M,2,0,N/A,STIPostImmigrating,0,58,192,0,0,MARITAL,PAUSED,185,2,0
1608,1964.91,98,37.8213,M,1,3,local,STIPreEmigrating,0,30,210,0,0,MARITAL,PAUSED,106,1,0
1608,1964.91,98,37.8213,M,3,0,N/A,STIPostImmigrating,0,30,210,0,0,MARITAL,NORMAL,106,3,3
1609,1964.91,249,39.4479,M,2,4,local,STIPreEmigrating,0,165,54,0,0,INFORMAL,PAUSED,321,2,0
1609,1964.91,249,39.4479,M,4,0,N/A,STIPostImmigrating,0,165,54,0,0,INFORMAL,PAUSED,321,4,0
1610,1964.91,253,46.3938,F,2,4,local,STIPreEmigrating,0,159,24,0,0,MARITAL,PAUSED,286,0,2
1610,1964.91,253,46.3938,F,4,0,N/A,STIPostImmigrating,0,159,24,0,0,MARITAL,PAUSED,286,0,4
1611,1964.91,98,37.8295,M,3,1,local,STIPreEmigrating,0,30,210,0,0,MARITAL,NORMAL,106,3,3
1611,1964.91,286,49.576,M,1,4,local,STIPreEmigrating,0,159,24,0,0,MARITAL,PAUSED,253,1,0
1611,1964.91,286,49.576,M,4,0,N/A,STIPostImmigrating,0,159,24,0,0,MARITAL,NORMAL,253,4,4
1611,1964.91,98,37.8295,M,1,0,N/A,STIPostImmigrating,0,30,210,0,0,MARITAL,PAUSED,106,1,0
1613,1964.92,232,58.5734,M,3,1,local,STIPreEmigrating,0,62,192,0,0,MARITAL,NORMAL,23,3,3
1613,1964.92,244,30.6626,F,1,3,local,STIPreEmigrating,0,40,137,0,0,MARITAL,NORMAL,236,1,1
1613,1964.92,244,30.6626,F,3,0,N/A,STIPostImmigrating,0,40,137,0,0,MARITAL,PAUSED,236,0,3
1613,1964.92,232,58.5734,M,1,0,N/A,STIPostImmigrating,0,62,192,0,0,MARITAL,PAUSED,23,1,0
1615,1964.92,45,33.5431,F,4,3,local,STIPreEmigrating,0,64,79,0,0,MARITAL,PAUSED,55,0,4
1615,1964.92,70,41.2636,M,1,3,local,STIPreEmigrating,0,205,14,0,0,TRANSITORY,PAUSED,122,1,0
1615,1964.92,70,41.2636,M,3,0,N/A,STIPostImmigrating,0,205,14,0,0,TRANSITORY,PAUSED,122,3,0
1615,1964.92,45,33.5431,F,3,0,N/A,STIPostImmigrating,0,64,79,0,0,MARITAL,NORMAL,55,3,3
1616,1964.93,286,49.5897,M,4,1,local,STIPreEmigrating,0,159,26,0,0,MARITAL,NORMAL,253,4,4
1616,1964.93,37,39.9841,M,4,1,local,STIPreEmigrating,0,101,147,0,0,MARITAL,NORMAL,26,4,4
1616,1964.93,281,46.6836,M,1,4,local,STIPreEmigrating,0,32,164,0,0,MARITAL,PAUSED,177,1,0
1616,1964.93,281,46.6836,M,4,0,N/A,STIPostImmigrating,0,32,164,0,0,MARITAL,NORMAL,177,4,4
1616,1964.93,37,39.9841,M,1,0,N/A,STIPostImmigrating,0,101,147,0,0,MARITAL,PAUSED,26,1,0
1616,1964.93,286,49.5897,M,1,0,N/A,STIPostImmigrating,0,159,26,0,0,MARITAL,PAUSED,253,1,0
1620,1964.94,197,36.1323,F,2,4,local,STIPreEmigrating,0,18,122,0,0,MARITAL,PAUSED,113,0,2
1620,1964.94,197,36.1323,F,4,0,N/A,STIPostImmigrating,0,18,122,0,0,MARITAL,PAUSED,113,0,4
1622,1964.94,108,31.1936,M,3,1,local,STIPreEmigrating,0,56,183,0,0,MARITAL,PAUSED,159,3,0
1622,1964.94,108,31.1936,M,1,0,N/A,STIPostImmigrating,0,56,183,0,0,MARITAL,PAUSED,159,1,0
1623,1964.95,40,30.9621,F,2,3,local,STIPreEmigrating,0,206,19,0,0,MARITAL,PAUSED,96,0,2
1623,1964.95,75,46.8175,M,2,4,local,STIPreEmigrating,0,58,192,0,0,MARITAL,PAUSED,185,2,0
1623,1964.95,75,46.8175,M,4,0,N/A,STIPostImmigrating,0,58,192,0,0,MARITAL,PAUSED,185,4,0
1623,1964.95,40,30.9621,F,3,0,N/A,STIPostImmigrating,0,206,19,0,0,MARITAL,NORMAL,96,3,3
1624,1964.95,311,31.063,M,3,2,local,STIPreEmigrating,0,216,9,0,0,INFORMAL,NORMAL,50,3,3
1624,1964.95,311,31.063,M,2,0,N/A,STIPostImmigrating,0,216,9,0,0,INFORMAL,PAUSED,50,2,0
1625,1964.95,60,34.9677,F,3,4,local,STIPreEmigrating,0,48,141,0,0,MARITAL,NORMAL,68,3,3
1625,1964.95,60,34.9677,F,4,0,N/A,STIPostImmigrating,0,48,141,0,0,MARITAL,PAUSED,68,0,4
1626,1964.95,206,43.7636,M,2,1,local,STIPreEmigrating,0,46,117,0,0,MARITAL,PAUSED,142,2,0
1626,1964.95,206,43.7636,M,1,0,N/A,STIPostImmigrating,0,46,117,0,0,MARITAL,PAUSED,142,1,0
1629,1964.96,23,55.2256,F,3,2,local,STIPreEmigrating,0,62,192,0,0,MARITAL,PAUSED,232,0,3
1629,1964.96,232,58.6173,M,1,3,local,STIPreEmigrating,0,62,192,0,0,MARITAL,PAUSED,23,1,0
1629,1964.96,232,58.6173,M,3,0,N/A,STIPostImmigrating,0,62,192,0,0,MARITAL,PAUSED,23,3,0
1629,1964.96,23,55.2256,F,2,0,N/A,STIPostImmigrating,0,62,192,0,0,MARITAL,PAUSED,232,0,2
1630,1964.97,40,30.9813,F,3,2,local,STIPreEmigrating,0,206,23,0,0,MARITAL,NORMAL,96,3,3
1630,1964.97,232,58.62,M,3,4,local,STIPreEmigrating,0,62,192,0,0,MARITAL,PAUSED,23,3,0
1630,1964.97,40,30.9813,F,2,0,N/A,STIPostImmigrating,0,206,23,0,0,MARITAL,PAUSED,96,0,2
1630,1964.97,232,58.62,M,4,0,N/A,STIPostImmigrating,0,62,192,0,0,MARITAL,PAUSED,23,4,0
1632,1964.97,142,37.4677,F,3,1,local,STIPreEmigrating,0,46,117,0,0,MARITAL,PAUSED,206,0,3
1632,1964.97,3,38.5225,M,1,2,local,STIPreEmigrating,0,124,118,0,0,INFORMAL,PAUSED,32,1,0
1632,1964.97,3,38.5225,M,2,0,N/A,STIPostImmigrating,0,124,118,0,0,INFORMAL,PAUSED,32,2,0
1632,1964.97,142,37.4677,F,1,0,N/A,STIPostImmigrating,0,46,117,0,0,MARITAL,NORMAL,206,1,1
1634,1964.98,4,46.3297,F,2,3,local,STIPreEmigrating,0,66,119,0,0,MARITAL,PAUSED,54,0,2
1634,1964.98,4,46.3297,F,3,0,N/A,STIPostImmigrating,0,66,119,0,0,MARITAL,PAUSED,54,0,3
1636,1964.98,244,30.7256,F,3,4,local,STIPreEmigrating,0,40,137,0,0,MARITAL,PAUSED,236,0,3
1636,1964.98,244,30.7256,F,4,0,N/A,STIPostImmigrating,0,40,137,0,0,MARITAL,PAUSED,236,0,4
1637,1964.98,336,56.8106,F,3,1,local,STIPreEmigrating,0,70,71,0,0,MARITAL,PAUSED,149,0,3
1637,1964.98,142,37.4814,F,1,4,local,STIPreEmigrating,0,46,121,0,0,MARITAL,NORMAL,206,1,1
1637,1964.98,142,37.4814,F,4,0,N/A,STIPostImmigrating,0,46,121,0,0,MARITAL,PAUSED,206,0,4
1637,1964.98,336,56.8106,F,1,0,N/A,STIPostImmigrating,0,70,71,0,0,MARITAL,PAUSED,149,0,1
1640,1964.99,99,37.9243,M,4,2,local,STIPreEmigrating,0,125,90,0,0,MARITAL,PAUSED,189,4,0
1640,1964.99,193,45.5611,M,4,2,local,STIPreEmigrating,0,50,63,0,0,MARITAL,PAUSED,53,4,0
1640,1964.99,193,45.5611,M,2,0,N/A,STIPostImmigrating,0,50,63,0,0,MARITAL,NORMAL,53,2,2
1640,1964.99,99,37.9243,M,2,0,N/A,STIPostImmigrating,0,125,90,0,0,MARITAL,NORMAL,189,2,2
1641,1965,281,46.7521,M,4,3,local,STIPreEmigrating,0,32,169,0,0,MARITAL,NORMAL,177,4,4
1641,1965,211,38.5293,F,1,2,local,STIPreEmigrating,0,109,40,0,0,MARITAL,NORMAL,139,1,1
1641,1965,211,38.5293,F,2,0,N/A,STIPostImmigrating,0,109,40,0,0,MARITAL,PAUSED,139,0,2
1641,1965,281,46.7521,M,3,0,N/A,STIPostImmigrating,0,32,169,0,0,MARITAL,PAUSED,177,3,0
